2026-09-07 09:02:43,581 [INFO] [MainThread] [root/log.py:104]: YASB v2.0.6
2026-09-07 09:02:43,581 [INFO] [CLIPipeServer] [cli_server/cli_server.py:216]: CLI server started v1.1.7
2026-09-07 09:02:43,582 [INFO] [MainThread] [cli_server/cli_server.py:106]: Log pipe server started
2026-09-07 09:04:39,973 [INFO] [MainThread] [root/welcome.py:867]: Created config file at C:\Users\MIS\.config\yasb\config.yaml
2026-09-07 09:04:39,973 [INFO] [MainThread] [root/welcome.py:876]: Created styles file at C:\Users\MIS\.config\yasb\styles.css
2026-09-07 09:04:40,607 [INFO] [MainThread] [root/service.py:52]: AudioOutputService starting...
2026-09-07 09:04:41,031 [INFO] [MainThread] [root/bar_manager.py:103]: Starting SystemEventListener...
2026-09-07 09:04:41,031 [INFO] [MainThread] [root/bar_manager.py:103]: Starting WindowsNotificationEventListener...
2026-09-07 09:04:41,032 [INFO] [MainThread] [root/bar_manager.py:103]: Starting KomorebiEventListener...
2026-09-07 09:04:41,033 [INFO] [MainThread] [root/watcher.py:65]: Watching directory: c:\users\mis\.config\yasb
2026-09-07 09:04:41,033 [INFO] [MainThread] [root/watcher.py:104]: Created file watcher
2026-09-07 09:04:41,111 [INFO] [Dummy-6] [root/event_listener.py:54]: Created named pipe yasb-1ae60620-aa58-11f1-a23f-a85e45552a3e
2026-09-07 09:04:41,118 [INFO] [MainThread] [root/update_service.py:434]: Background update checker started
2026-09-07 09:04:41,208 [INFO] [Dummy-7] [root/windows_notification.py:164]: Notification service started (WNF_SHEL_NOTIFICATIONS)
2026-09-07 09:04:41,208 [INFO] [Dummy-6] [root/event_listener.py:147]: Komorebi connected to named pipe: yasb-1ae60620-aa58-11f1-a23f-a85e45552a3e
2026-09-07 09:19:42,558 [INFO] [CLIPipeServer] [cli_server/cli_server.py:257]: CLI server received command: stop
2026-09-07 09:19:42,558 [INFO] [CLIPipeServer] [root/controller.py:43]: Exiting Application from CLI...
2026-09-07 09:19:42,661 [INFO] [CLIPipeServer] [cli_server/cli_server.py:114]: Log pipe server stopped
2026-09-07 09:19:42,934 [INFO] [MainThread] [root/bar_manager.py:119]: Stopping SystemEventListener...
2026-09-07 09:19:42,936 [INFO] [MainThread] [root/bar_manager.py:119]: Stopping WindowsNotificationEventListener...
2026-09-07 09:19:42,936 [INFO] [Dummy-7] [root/windows_notification.py:97]: Notification service stopped
2026-09-07 09:19:42,939 [INFO] [MainThread] [root/bar_manager.py:119]: Stopping KomorebiEventListener...
2026-09-07 09:19:46,222 [INFO] [MainThread] [root/log.py:104]: YASB v2.0.6
2026-09-07 09:19:46,222 [INFO] [CLIPipeServer] [cli_server/cli_server.py:216]: CLI server started v1.1.7
2026-09-07 09:19:46,223 [INFO] [MainThread] [cli_server/cli_server.py:106]: Log pipe server started
2026-09-07 09:19:46,975 [INFO] [MainThread] [root/service.py:52]: AudioOutputService starting...
2026-09-07 09:19:47,350 [INFO] [MainThread] [root/bar_manager.py:103]: Starting SystemEventListener...
2026-09-07 09:19:47,350 [INFO] [MainThread] [root/bar_manager.py:103]: Starting KomorebiEventListener...
2026-09-07 09:19:47,350 [INFO] [MainThread] [root/bar_manager.py:103]: Starting WindowsNotificationEventListener...
2026-09-07 09:19:47,352 [INFO] [MainThread] [root/watcher.py:65]: Watching directory: c:\users\mis\.config\yasb
2026-09-07 09:19:47,353 [INFO] [MainThread] [root/watcher.py:104]: Created file watcher
2026-09-07 09:19:47,425 [INFO] [Dummy-6] [root/event_listener.py:54]: Created named pipe yasb-371b4388-aa5a-11f1-aaa3-a85e45552a3e
2026-09-07 09:19:47,436 [INFO] [MainThread] [root/update_service.py:434]: Background update checker started
2026-09-07 09:19:47,459 [INFO] [Dummy-9] [root/windows_notification.py:164]: Notification service started (WNF_SHEL_NOTIFICATIONS)
2026-09-07 09:19:47,524 [INFO] [Dummy-6] [root/event_listener.py:147]: Komorebi connected to named pipe: yasb-371b4388-aa5a-11f1-aaa3-a85e45552a3e
2026-09-07 09:19:48,052 [ERROR] [Dummy-6] [root/client.py:41]: Komorebi state query timed out in 0.5 seconds
2026-09-07 09:19:48,052 [ERROR] [Dummy-6] [root/event_listener.py:151]: Failed to retrieve komorebi state before starting event listener: None returned. Retrying in 2 second... Is komorebi online and its binaries added to $PATH?
2026-09-07 09:23:39,794 [INFO] [MainThread] [root/controller.py:21]: Reloading Application because of config change.
2026-09-07 09:23:39,903 [INFO] [MainThread] [cli_server/cli_server.py:114]: Log pipe server stopped
2026-09-07 09:23:39,915 [INFO] [MainThread] [root/bar_manager.py:93]: Successfully loaded updated config and re-initialised all bars.
2026-09-07 09:23:40,144 [INFO] [MainThread] [root/bar_manager.py:119]: Stopping SystemEventListener...
2026-09-07 09:23:40,146 [INFO] [MainThread] [root/bar_manager.py:119]: Stopping KomorebiEventListener...
2026-09-07 09:23:40,147 [INFO] [MainThread] [root/bar_manager.py:119]: Stopping WindowsNotificationEventListener...
2026-09-07 09:23:40,148 [INFO] [Dummy-9] [root/windows_notification.py:97]: Notification service stopped
2026-09-07 09:23:40,377 [INFO] [MainThread] [root/log.py:104]: YASB v2.0.6
2026-09-07 09:23:40,378 [INFO] [CLIPipeServer] [cli_server/cli_server.py:216]: CLI server started v1.1.7
2026-09-07 09:23:40,378 [INFO] [MainThread] [cli_server/cli_server.py:106]: Log pipe server started
2026-09-07 09:23:40,871 [INFO] [MainThread] [root/service.py:52]: AudioOutputService starting...
2026-09-07 09:23:41,232 [INFO] [MainThread] [root/bar_manager.py:103]: Starting KomorebiEventListener...
2026-09-07 09:23:41,233 [INFO] [MainThread] [root/bar_manager.py:103]: Starting WindowsNotificationEventListener...
2026-09-07 09:23:41,233 [INFO] [MainThread] [root/bar_manager.py:103]: Starting SystemEventListener...
2026-09-07 09:23:41,234 [INFO] [MainThread] [root/watcher.py:65]: Watching directory: c:\users\mis\.config\yasb
2026-09-07 09:23:41,234 [INFO] [MainThread] [root/watcher.py:104]: Created file watcher
2026-09-07 09:23:41,235 [INFO] [Dummy-6] [root/event_listener.py:54]: Created named pipe yasb-c282dee0-aa5a-11f1-8e5a-a85e45552a3e
2026-09-07 09:23:41,318 [INFO] [MainThread] [root/update_service.py:434]: Background update checker started
2026-09-07 09:23:41,325 [INFO] [Dummy-9] [root/windows_notification.py:164]: Notification service started (WNF_SHEL_NOTIFICATIONS)
2026-09-07 09:23:41,405 [INFO] [Dummy-6] [root/event_listener.py:147]: Komorebi connected to named pipe: yasb-c282dee0-aa5a-11f1-8e5a-a85e45552a3e
2026-09-07 09:31:38,983 [WARNING] [Dummy-6] [root/event_listener.py:95]: Pipe has been ended: (109, 'PeekNamedPipe', 'The pipe has been ended.')
2026-09-07 09:31:38,984 [INFO] [Dummy-6] [root/event_listener.py:107]: Attempting to reconnect to Komorebi...
2026-09-07 09:31:41,991 [INFO] [Dummy-6] [root/event_listener.py:54]: Created named pipe yasb-c282dee0-aa5a-11f1-8e5a-a85e45552a3e
2026-09-07 09:31:42,054 [WARNING] [Dummy-6] [root/event_listener.py:134]: Komorebi failed to subscribe named pipe. Komorebi is not running, please start Komorebi.
2026-09-07 09:33:33,409 [INFO] [Dummy-6] [root/event_listener.py:147]: Komorebi connected to named pipe: yasb-c282dee0-aa5a-11f1-8e5a-a85e45552a3e
Windows fatal exception: code 0x800706f7

Thread 0x00002a1c [SystemEventListener] (most recent call first):
  File "D:\a\yasb\yasb\src\core\utils\win32\event_listener.py", line 69 in run

Thread 0x000010f4 [WindowsNotificationEventListener] (most recent call first):
  File "C:\hostedtoolcache\windows\Python\3.14.6\x64\Lib\asyncio\windows_events.py", line 778 in _poll
  File "C:\hostedtoolcache\windows\Python\3.14.6\x64\Lib\asyncio\windows_events.py", line 446 in select
  File "C:\hostedtoolcache\windows\Python\3.14.6\x64\Lib\asyncio\base_events.py", line 2018 in _run_once
  File "C:\hostedtoolcache\windows\Python\3.14.6\x64\Lib\asyncio\base_events.py", line 677 in run_forever
  File "C:\hostedtoolcache\windows\Python\3.14.6\x64\Lib\asyncio\base_events.py", line 706 in run_until_complete
  File "D:\a\yasb\yasb\src\core\widgets\services\notifications\windows_notification.py", line 84 in run

Thread 0x00001970 [Thread-4] (most recent call first):
  File "C:\hostedtoolcache\windows\Python\3.14.6\x64\Lib\threading.py", line 369 in wait
  File "C:\hostedtoolcache\windows\Python\3.14.6\x64\Lib\queue.py", line 199 in get
  File "D:\a\yasb\yasb\venv\Lib\site-packages\watchdog\observers\api.py", line 379 in dispatch_events
  File "D:\a\yasb\yasb\venv\Lib\site-packages\watchdog\observers\api.py", line 213 in run
  File "C:\hostedtoolcache\windows\Python\3.14.6\x64\Lib\threading.py", line 1082 in _bootstrap_inner
  File "C:\hostedtoolcache\windows\Python\3.14.6\x64\Lib\threading.py", line 1044 in _bootstrap

Thread 0x000027a0 [Thread-5] (most recent call first):
  File "D:\a\yasb\yasb\venv\Lib\site-packages\watchdog\observers\winapi.py", line 326 in read_directory_changes
  File "D:\a\yasb\yasb\venv\Lib\site-packages\watchdog\observers\winapi.py", line 380 in read_events
  File "D:\a\yasb\yasb\venv\Lib\site-packages\watchdog\observers\read_directory_changes.py", line 67 in _read_events
  File "D:\a\yasb\yasb\venv\Lib\site-packages\watchdog\observers\read_directory_changes.py", line 70 in queue_events
  File "D:\a\yasb\yasb\venv\Lib\site-packages\watchdog\observers\api.py", line 158 in run
  File "C:\hostedtoolcache\windows\Python\3.14.6\x64\Lib\threading.py", line 1082 in _bootstrap_inner
  File "C:\hostedtoolcache\windows\Python\3.14.6\x64\Lib\threading.py", line 1044 in _bootstrap

Thread 0x0000107c [KomorebiEventListener] (most recent call first):
  File "C:\hostedtoolcache\windows\Python\3.14.6\x64\Lib\threading.py", line 373 in wait
  File "C:\hostedtoolcache\windows\Python\3.14.6\x64\Lib\threading.py", line 670 in wait
  File "D:\a\yasb\yasb\src\core\widgets\services\komorebi\event_listener.py", line 75 in run

Thread 0x000006bc [MemoryWorker] (most recent call first):
  File "C:\hostedtoolcache\windows\Python\3.14.6\x64\Lib\threading.py", line 373 in wait
  File "C:\hostedtoolcache\windows\Python\3.14.6\x64\Lib\threading.py", line 670 in wait
  File "D:\a\yasb\yasb\src\core\widgets\services\memory\memory_api.py", line 247 in run

Thread 0x00002edc [CpuWorker] (most recent call first):
  File "C:\hostedtoolcache\windows\Python\3.14.6\x64\Lib\threading.py", line 373 in wait
  File "C:\hostedtoolcache\windows\Python\3.14.6\x64\Lib\threading.py", line 670 in wait
  File "D:\a\yasb\yasb\src\core\widgets\services\cpu\cpu_api.py", line 343 in run

Thread 0x000029bc [_EventWorker] (most recent call first):
  File "D:\a\yasb\yasb\venv\Lib\site-packages\qasync\_windows.py", line 147 in _poll
  File "D:\a\yasb\yasb\venv\Lib\site-packages\qasync\_windows.py", line 72 in select
  File "D:\a\yasb\yasb\venv\Lib\site-packages\qasync\_windows.py", line 199 in run

Thread 0x000017dc [LogPipeServer] (most recent call first):
  File "D:\a\yasb\yasb\src\core\utils\win32\bindings\kernel32.py", line 291 in ConnectNamedPipe
  File "D:\a\yasb\yasb\src\core\utils\cli_server.py", line 138 in _run_server
  File "C:\hostedtoolcache\windows\Python\3.14.6\x64\Lib\threading.py", line 1024 in run
  File "C:\hostedtoolcache\windows\Python\3.14.6\x64\Lib\threading.py", line 1082 in _bootstrap_inner
  File "C:\hostedtoolcache\windows\Python\3.14.6\x64\Lib\threading.py", line 1044 in _bootstrap

Thread 0x000010e4 [CLIPipeServer] (most recent call first):
  File "D:\a\yasb\yasb\src\core\utils\win32\bindings\kernel32.py", line 291 in ConnectNamedPipe
  File "D:\a\yasb\yasb\src\core\utils\cli_server.py", line 235 in _run_server
  File "C:\hostedtoolcache\windows\Python\3.14.6\x64\Lib\threading.py", line 1024 in run
  File "C:\hostedtoolcache\windows\Python\3.14.6\x64\Lib\threading.py", line 1082 in _bootstrap_inner
  File "C:\hostedtoolcache\windows\Python\3.14.6\x64\Lib\threading.py", line 1044 in _bootstrap

Current thread 0x00002d08 (most recent call first):
  File "D:\a\yasb\yasb\src\core\widgets\yasb\active_window.py", line 337 in _update_window_title
  File "D:\a\yasb\yasb\src\core\widgets\yasb\active_window.py", line 237 in _on_focus_change_event
  File "D:\a\yasb\yasb\venv\Lib\site-packages\qasync\__init__.py", line 404 in run_forever
  File "D:\a\yasb\yasb\venv\Lib\site-packages\qasync\__init__.py", line 428 in run_until_complete
  File "main.py", line 100 in main
  File "main.py", line 203 in <module>
  File "D:\a\yasb\yasb\venv\Lib\site-packages\freeze_core\initscripts\console.py", line 43 in run
  File "src/freeze_core/initscripts/__startup__.py", line 147 in run
2026-09-07 16:52:43,576 [INFO] [MainThread] [root/bar_manager.py:119]: Stopping KomorebiEventListener...
2026-09-07 16:52:43,633 [INFO] [MainThread] [root/bar_manager.py:119]: Stopping WindowsNotificationEventListener...
2026-09-07 16:52:43,655 [INFO] [Dummy-9] [root/windows_notification.py:97]: Notification service stopped
2026-09-07 16:52:43,658 [INFO] [MainThread] [root/bar_manager.py:119]: Stopping SystemEventListener...
2026-09-08 08:15:20,112 [INFO] [MainThread] [root/log.py:104]: YASB v2.0.6
2026-09-08 08:15:20,113 [INFO] [CLIPipeServer] [cli_server/cli_server.py:216]: CLI server started v1.1.7
2026-09-08 08:15:20,114 [INFO] [MainThread] [cli_server/cli_server.py:106]: Log pipe server started
2026-09-08 08:15:20,807 [INFO] [MainThread] [root/service.py:52]: AudioOutputService starting...
2026-09-08 08:15:21,138 [INFO] [MainThread] [root/bar_manager.py:103]: Starting WindowsNotificationEventListener...
2026-09-08 08:15:21,138 [INFO] [MainThread] [root/bar_manager.py:103]: Starting KomorebiEventListener...
2026-09-08 08:15:21,139 [INFO] [MainThread] [root/bar_manager.py:103]: Starting SystemEventListener...
2026-09-08 08:15:21,140 [INFO] [MainThread] [root/watcher.py:65]: Watching directory: c:\users\mis\.config\yasb
2026-09-08 08:15:21,140 [INFO] [MainThread] [root/watcher.py:104]: Created file watcher
2026-09-08 08:15:21,140 [INFO] [Dummy-6] [root/event_listener.py:54]: Created named pipe yasb-6113eab1-ab1a-11f1-a6c7-a85e45552a3e
2026-09-08 08:15:21,194 [INFO] [MainThread] [root/update_service.py:434]: Background update checker started
2026-09-08 08:15:21,201 [INFO] [Dummy-8] [root/windows_notification.py:164]: Notification service started (WNF_SHEL_NOTIFICATIONS)
2026-09-08 08:15:21,217 [WARNING] [Dummy-6] [root/event_listener.py:134]: Komorebi failed to subscribe named pipe. Komorebi is not running, please start Komorebi.
2026-09-08 08:15:32,494 [WARNING] [UpdateChecker] [root/update_service.py:300]: Network error checking for updates: [Errno 11001] getaddrinfo failed
2026-09-08 08:15:32,495 [WARNING] [UpdateChecker] [root/update_service.py:430]: Background update check failed: <urlopen error [Errno 11001] getaddrinfo failed>
2026-09-08 08:16:37,105 [INFO] [Dummy-6] [root/event_listener.py:147]: Komorebi connected to named pipe: yasb-6113eab1-ab1a-11f1-a6c7-a85e45552a3e
2026-09-08 11:08:06,872 [INFO] [MainThread] [root/log.py:104]: YASB v2.0.6
2026-09-08 11:08:06,873 [INFO] [CLIPipeServer] [cli_server/cli_server.py:216]: CLI server started v1.1.7
2026-09-08 11:08:06,873 [INFO] [MainThread] [cli_server/cli_server.py:106]: Log pipe server started
2026-09-08 11:08:07,440 [INFO] [MainThread] [root/service.py:52]: AudioOutputService starting...
2026-09-08 11:08:07,945 [INFO] [MainThread] [root/bar_manager.py:103]: Starting WindowsNotificationEventListener...
2026-09-08 11:08:07,947 [INFO] [MainThread] [root/bar_manager.py:103]: Starting KomorebiEventListener...
2026-09-08 11:08:07,947 [INFO] [MainThread] [root/bar_manager.py:103]: Starting SystemEventListener...
2026-09-08 11:08:07,949 [INFO] [MainThread] [root/watcher.py:65]: Watching directory: c:\users\mis\neps-windows-usability-config\.config\yasb
2026-09-08 11:08:07,949 [INFO] [MainThread] [root/watcher.py:104]: Created file watcher
2026-09-08 11:08:08,038 [INFO] [Dummy-6] [root/event_listener.py:54]: Created named pipe yasb-842d5ac5-ab32-11f1-a760-a85e45552a3e
2026-09-08 11:08:08,038 [INFO] [MainThread] [root/update_service.py:434]: Background update checker started
2026-09-08 11:08:08,047 [INFO] [Dummy-7] [root/windows_notification.py:164]: Notification service started (WNF_SHEL_NOTIFICATIONS)
2026-09-08 11:08:08,149 [INFO] [Dummy-6] [root/event_listener.py:147]: Komorebi connected to named pipe: yasb-842d5ac5-ab32-11f1-a760-a85e45552a3e
2026-09-08 11:11:22,174 [WARNING] [Dummy-6] [root/event_listener.py:95]: Pipe has been ended: (109, 'PeekNamedPipe', 'The pipe has been ended.')
2026-09-08 11:11:22,174 [INFO] [Dummy-6] [root/event_listener.py:107]: Attempting to reconnect to Komorebi...
2026-09-08 11:11:25,184 [INFO] [Dummy-6] [root/event_listener.py:54]: Created named pipe yasb-842d5ac5-ab32-11f1-a760-a85e45552a3e
2026-09-08 11:11:25,234 [WARNING] [Dummy-6] [root/event_listener.py:134]: Komorebi failed to subscribe named pipe. Komorebi is not running, please start Komorebi.
2026-09-08 11:11:30,320 [INFO] [Dummy-6] [root/event_listener.py:147]: Komorebi connected to named pipe: yasb-842d5ac5-ab32-11f1-a760-a85e45552a3e
2026-09-08 11:14:37,630 [WARNING] [Dummy-6] [root/event_listener.py:95]: Pipe has been ended: (109, 'PeekNamedPipe', 'The pipe has been ended.')
2026-09-08 11:14:37,630 [INFO] [Dummy-6] [root/event_listener.py:107]: Attempting to reconnect to Komorebi...
2026-09-08 11:14:40,642 [INFO] [Dummy-6] [root/event_listener.py:54]: Created named pipe yasb-842d5ac5-ab32-11f1-a760-a85e45552a3e
2026-09-08 11:14:40,702 [INFO] [Dummy-6] [root/event_listener.py:147]: Komorebi connected to named pipe: yasb-842d5ac5-ab32-11f1-a760-a85e45552a3e
2026-09-08 11:15:31,219 [WARNING] [Dummy-6] [root/event_listener.py:95]: Pipe has been ended: (109, 'PeekNamedPipe', 'The pipe has been ended.')
2026-09-08 11:15:31,220 [INFO] [Dummy-6] [root/event_listener.py:107]: Attempting to reconnect to Komorebi...
2026-09-08 11:15:34,234 [INFO] [Dummy-6] [root/event_listener.py:54]: Created named pipe yasb-842d5ac5-ab32-11f1-a760-a85e45552a3e
2026-09-08 11:15:34,288 [INFO] [Dummy-6] [root/event_listener.py:147]: Komorebi connected to named pipe: yasb-842d5ac5-ab32-11f1-a760-a85e45552a3e
Windows fatal exception: code 0x800706f7

Thread 0x00000324 [KomorebiEventListener] (most recent call first):
  File "C:\hostedtoolcache\windows\Python\3.14.6\x64\Lib\threading.py", line 373 in wait
  File "C:\hostedtoolcache\windows\Python\3.14.6\x64\Lib\threading.py", line 670 in wait
  File "D:\a\yasb\yasb\src\core\widgets\services\komorebi\event_listener.py", line 75 in run

Thread 0x00002bfc [SystemEventListener] (most recent call first):
  File "D:\a\yasb\yasb\src\core\utils\win32\event_listener.py", line 69 in run

Thread 0x000024e4 [WindowsNotificationEventListener] (most recent call first):
  File "C:\hostedtoolcache\windows\Python\3.14.6\x64\Lib\asyncio\windows_events.py", line 778 in _poll
  File "C:\hostedtoolcache\windows\Python\3.14.6\x64\Lib\asyncio\windows_events.py", line 446 in select
  File "C:\hostedtoolcache\windows\Python\3.14.6\x64\Lib\asyncio\base_events.py", line 2018 in _run_once
  File "C:\hostedtoolcache\windows\Python\3.14.6\x64\Lib\asyncio\base_events.py", line 677 in run_forever
  File "C:\hostedtoolcache\windows\Python\3.14.6\x64\Lib\asyncio\base_events.py", line 706 in run_until_complete
  File "D:\a\yasb\yasb\src\core\widgets\services\notifications\windows_notification.py", line 84 in run

Thread 0x00004798 [Thread-4] (most recent call first):
  File "C:\hostedtoolcache\windows\Python\3.14.6\x64\Lib\threading.py", line 369 in wait
  File "C:\hostedtoolcache\windows\Python\3.14.6\x64\Lib\queue.py", line 199 in get
  File "D:\a\yasb\yasb\venv\Lib\site-packages\watchdog\observers\api.py", line 379 in dispatch_events
  File "D:\a\yasb\yasb\venv\Lib\site-packages\watchdog\observers\api.py", line 213 in run
  File "C:\hostedtoolcache\windows\Python\3.14.6\x64\Lib\threading.py", line 1082 in _bootstrap_inner
  File "C:\hostedtoolcache\windows\Python\3.14.6\x64\Lib\threading.py", line 1044 in _bootstrap

Thread 0x0000245c [Thread-5] (most recent call first):
  File "D:\a\yasb\yasb\venv\Lib\site-packages\watchdog\observers\winapi.py", line 326 in read_directory_changes
  File "D:\a\yasb\yasb\venv\Lib\site-packages\watchdog\observers\winapi.py", line 380 in read_events
  File "D:\a\yasb\yasb\venv\Lib\site-packages\watchdog\observers\read_directory_changes.py", line 67 in _read_events
  File "D:\a\yasb\yasb\venv\Lib\site-packages\watchdog\observers\read_directory_changes.py", line 70 in queue_events
  File "D:\a\yasb\yasb\venv\Lib\site-packages\watchdog\observers\api.py", line 158 in run
  File "C:\hostedtoolcache\windows\Python\3.14.6\x64\Lib\threading.py", line 1082 in _bootstrap_inner
  File "C:\hostedtoolcache\windows\Python\3.14.6\x64\Lib\threading.py", line 1044 in _bootstrap

Thread 0x00004528 [MemoryWorker] (most recent call first):
  File "C:\hostedtoolcache\windows\Python\3.14.6\x64\Lib\threading.py", line 373 in wait
  File "C:\hostedtoolcache\windows\Python\3.14.6\x64\Lib\threading.py", line 670 in wait
  File "D:\a\yasb\yasb\src\core\widgets\services\memory\memory_api.py", line 247 in run

Thread 0x00003f9c [CpuWorker] (most recent call first):
  File "C:\hostedtoolcache\windows\Python\3.14.6\x64\Lib\threading.py", line 373 in wait
  File "C:\hostedtoolcache\windows\Python\3.14.6\x64\Lib\threading.py", line 670 in wait
  File "D:\a\yasb\yasb\src\core\widgets\services\cpu\cpu_api.py", line 343 in run

Thread 0x00003a2c [_EventWorker] (most recent call first):
  File "D:\a\yasb\yasb\venv\Lib\site-packages\qasync\_windows.py", line 147 in _poll
  File "D:\a\yasb\yasb\venv\Lib\site-packages\qasync\_windows.py", line 72 in select
  File "D:\a\yasb\yasb\venv\Lib\site-packages\qasync\_windows.py", line 199 in run

Thread 0x00003aa4 [LogPipeServer] (most recent call first):
  File "D:\a\yasb\yasb\src\core\utils\win32\bindings\kernel32.py", line 291 in ConnectNamedPipe
  File "D:\a\yasb\yasb\src\core\utils\cli_server.py", line 138 in _run_server
  File "C:\hostedtoolcache\windows\Python\3.14.6\x64\Lib\threading.py", line 1024 in run
  File "C:\hostedtoolcache\windows\Python\3.14.6\x64\Lib\threading.py", line 1082 in _bootstrap_inner
  File "C:\hostedtoolcache\windows\Python\3.14.6\x64\Lib\threading.py", line 1044 in _bootstrap

Thread 0x00001c08 [CLIPipeServer] (most recent call first):
  File "D:\a\yasb\yasb\src\core\utils\win32\bindings\kernel32.py", line 291 in ConnectNamedPipe
  File "D:\a\yasb\yasb\src\core\utils\cli_server.py", line 235 in _run_server
  File "C:\hostedtoolcache\windows\Python\3.14.6\x64\Lib\threading.py", line 1024 in run
  File "C:\hostedtoolcache\windows\Python\3.14.6\x64\Lib\threading.py", line 1082 in _bootstrap_inner
  File "C:\hostedtoolcache\windows\Python\3.14.6\x64\Lib\threading.py", line 1044 in _bootstrap

Current thread 0x00002148 (most recent call first):
  File "D:\a\yasb\yasb\src\core\widgets\yasb\active_window.py", line 337 in _update_window_title
  File "D:\a\yasb\yasb\src\core\widgets\yasb\active_window.py", line 237 in _on_focus_change_event
  File "D:\a\yasb\yasb\venv\Lib\site-packages\qasync\__init__.py", line 404 in run_forever
  File "D:\a\yasb\yasb\venv\Lib\site-packages\qasync\__init__.py", line 428 in run_until_complete
  File "main.py", line 100 in main
  File "main.py", line 203 in <module>
  File "D:\a\yasb\yasb\venv\Lib\site-packages\freeze_core\initscripts\console.py", line 43 in run
  File "src/freeze_core/initscripts/__startup__.py", line 147 in run
2026-09-08 13:39:17,765 [INFO] [MainThread] [root/controller.py:21]: Reloading Application because of config change.
2026-09-08 13:39:17,869 [INFO] [MainThread] [cli_server/cli_server.py:114]: Log pipe server stopped
2026-09-08 13:39:17,875 [INFO] [MainThread] [root/bar_manager.py:93]: Successfully loaded updated config and re-initialised all bars.
2026-09-08 13:39:18,133 [INFO] [MainThread] [root/bar_manager.py:119]: Stopping WindowsNotificationEventListener...
2026-09-08 13:39:18,135 [INFO] [Dummy-7] [root/windows_notification.py:97]: Notification service stopped
2026-09-08 13:39:18,139 [INFO] [MainThread] [root/bar_manager.py:119]: Stopping KomorebiEventListener...
2026-09-08 13:39:18,140 [INFO] [MainThread] [root/bar_manager.py:119]: Stopping SystemEventListener...
2026-09-08 13:39:18,447 [INFO] [MainThread] [root/log.py:104]: YASB v2.0.6
2026-09-08 13:39:18,447 [INFO] [CLIPipeServer] [cli_server/cli_server.py:216]: CLI server started v1.1.7
2026-09-08 13:39:18,447 [INFO] [MainThread] [cli_server/cli_server.py:106]: Log pipe server started
2026-09-08 13:39:19,138 [ERROR] [MainThread] [root/widget_builder.py:90]: No type specified for widget 'open_meteo'
Traceback (most recent call last):
  File "D:\a\yasb\yasb\src\core\utils\widget_builder.py", line 42, in _build_widget
KeyError: 'type'
2026-09-08 13:39:19,302 [INFO] [MainThread] [root/service.py:52]: AudioOutputService starting...
2026-09-08 13:39:19,565 [ERROR] [MainThread] [root/widget_builder.py:90]: No type specified for widget 'open_meteo'
Traceback (most recent call last):
  File "D:\a\yasb\yasb\src\core\utils\widget_builder.py", line 42, in _build_widget
KeyError: 'type'
2026-09-08 13:39:19,758 [INFO] [MainThread] [root/bar_manager.py:103]: Starting WindowsNotificationEventListener...
2026-09-08 13:39:19,759 [INFO] [MainThread] [root/bar_manager.py:103]: Starting SystemEventListener...
2026-09-08 13:39:19,759 [INFO] [MainThread] [root/bar_manager.py:103]: Starting KomorebiEventListener...
2026-09-08 13:39:19,759 [ERROR] [MainThread] [root/widget_builder.py:138]: Failed to import widget(s) due to missing widget type(s)  - open_meteo
2026-09-08 13:39:19,762 [INFO] [Dummy-4] [root/event_listener.py:54]: Created named pipe yasb-a365ff53-ab47-11f1-8958-a85e45552a3e
2026-09-08 13:39:19,804 [INFO] [Dummy-5] [root/windows_notification.py:164]: Notification service started (WNF_SHEL_NOTIFICATIONS)
2026-09-08 13:39:19,821 [INFO] [MainThread] [root/watcher.py:65]: Watching directory: c:\users\mis\neps-windows-usability-config\.config\yasb
2026-09-08 13:39:19,822 [INFO] [MainThread] [root/watcher.py:104]: Created file watcher
2026-09-08 13:39:19,886 [INFO] [Dummy-4] [root/event_listener.py:147]: Komorebi connected to named pipe: yasb-a365ff53-ab47-11f1-8958-a85e45552a3e
2026-09-08 13:39:19,891 [INFO] [MainThread] [root/update_service.py:434]: Background update checker started
2026-09-08 13:39:52,108 [INFO] [MainThread] [root/controller.py:21]: Reloading Application because of config change.
2026-09-08 13:39:52,214 [INFO] [MainThread] [cli_server/cli_server.py:114]: Log pipe server stopped
2026-09-08 13:39:52,219 [INFO] [MainThread] [root/bar_manager.py:93]: Successfully loaded updated config and re-initialised all bars.
2026-09-08 13:39:52,562 [INFO] [MainThread] [root/bar_manager.py:119]: Stopping WindowsNotificationEventListener...
2026-09-08 13:39:52,562 [INFO] [Dummy-5] [root/windows_notification.py:97]: Notification service stopped
2026-09-08 13:39:52,565 [INFO] [MainThread] [root/bar_manager.py:119]: Stopping SystemEventListener...
2026-09-08 13:39:52,567 [INFO] [MainThread] [root/bar_manager.py:119]: Stopping KomorebiEventListener...
2026-09-08 13:39:52,782 [INFO] [MainThread] [root/log.py:104]: YASB v2.0.6
2026-09-08 13:39:52,782 [INFO] [CLIPipeServer] [cli_server/cli_server.py:216]: CLI server started v1.1.7
2026-09-08 13:39:52,783 [INFO] [MainThread] [cli_server/cli_server.py:106]: Log pipe server started
2026-09-08 13:39:52,906 [WARNING] [MainThread] [root/widget_builder.py:39]: No widget config could be found for widget 'open_meteo
2026-09-08 13:39:53,058 [INFO] [MainThread] [root/service.py:52]: AudioOutputService starting...
2026-09-08 13:39:53,568 [WARNING] [MainThread] [root/widget_builder.py:36]: Ignoring construction of invalid widget 'clock'
2026-09-08 13:39:53,569 [WARNING] [MainThread] [root/widget_builder.py:36]: Ignoring construction of invalid widget 'open_meteo'
2026-09-08 13:39:53,735 [INFO] [MainThread] [root/bar_manager.py:103]: Starting WindowsNotificationEventListener...
2026-09-08 13:39:53,735 [INFO] [MainThread] [root/bar_manager.py:103]: Starting SystemEventListener...
2026-09-08 13:39:53,736 [INFO] [MainThread] [root/bar_manager.py:103]: Starting KomorebiEventListener...
2026-09-08 13:39:53,736 [ERROR] [MainThread] [root/widget_builder.py:100]: Failed to add undefined widget(s)  - The widget "open_meteo" is undefined.
2026-09-08 13:39:53,739 [INFO] [Dummy-4] [root/event_listener.py:54]: Created named pipe yasb-b7a670db-ab47-11f1-8f4a-a85e45552a3e
2026-09-08 13:39:53,767 [INFO] [Dummy-5] [root/windows_notification.py:164]: Notification service started (WNF_SHEL_NOTIFICATIONS)
2026-09-08 13:39:53,777 [ERROR] [MainThread] [root/widget_builder.py:114]: Failed to validate widget(s) due to invalid options  - clock
      callbacks:
        open_meteo:
        - Extra inputs are not permitted
      
2026-09-08 13:39:53,791 [INFO] [MainThread] [root/watcher.py:65]: Watching directory: c:\users\mis\neps-windows-usability-config\.config\yasb
2026-09-08 13:39:53,792 [INFO] [MainThread] [root/watcher.py:104]: Created file watcher
2026-09-08 13:39:53,904 [INFO] [Dummy-4] [root/event_listener.py:147]: Komorebi connected to named pipe: yasb-b7a670db-ab47-11f1-8f4a-a85e45552a3e
2026-09-08 13:39:53,904 [INFO] [MainThread] [root/update_service.py:434]: Background update checker started
2026-09-08 13:40:10,146 [INFO] [MainThread] [root/controller.py:21]: Reloading Application because of config change.
2026-09-08 13:40:10,261 [INFO] [MainThread] [cli_server/cli_server.py:114]: Log pipe server stopped
2026-09-08 13:40:10,266 [INFO] [MainThread] [root/bar_manager.py:93]: Successfully loaded updated config and re-initialised all bars.
2026-09-08 13:40:10,605 [INFO] [MainThread] [root/bar_manager.py:119]: Stopping WindowsNotificationEventListener...
2026-09-08 13:40:10,606 [INFO] [Dummy-5] [root/windows_notification.py:97]: Notification service stopped
2026-09-08 13:40:10,609 [INFO] [MainThread] [root/bar_manager.py:119]: Stopping SystemEventListener...
2026-09-08 13:40:10,610 [INFO] [MainThread] [root/bar_manager.py:119]: Stopping KomorebiEventListener...
2026-09-08 13:40:10,823 [INFO] [MainThread] [root/log.py:104]: YASB v2.0.6
2026-09-08 13:40:10,824 [INFO] [CLIPipeServer] [cli_server/cli_server.py:216]: CLI server started v1.1.7
2026-09-08 13:40:10,824 [INFO] [MainThread] [cli_server/cli_server.py:106]: Log pipe server started
2026-09-08 13:40:11,452 [INFO] [MainThread] [root/service.py:52]: AudioOutputService starting...
2026-09-08 13:40:11,916 [INFO] [MainThread] [root/bar_manager.py:103]: Starting WindowsNotificationEventListener...
2026-09-08 13:40:11,917 [INFO] [MainThread] [root/bar_manager.py:103]: Starting SystemEventListener...
2026-09-08 13:40:11,917 [INFO] [MainThread] [root/bar_manager.py:103]: Starting KomorebiEventListener...
2026-09-08 13:40:11,918 [INFO] [MainThread] [root/watcher.py:65]: Watching directory: c:\users\mis\neps-windows-usability-config\.config\yasb
2026-09-08 13:40:11,918 [INFO] [MainThread] [root/watcher.py:104]: Created file watcher
2026-09-08 13:40:12,019 [INFO] [Dummy-6] [root/event_listener.py:54]: Created named pipe yasb-c27caa27-ab47-11f1-941d-a85e45552a3e
2026-09-08 13:40:12,025 [INFO] [MainThread] [root/update_service.py:434]: Background update checker started
2026-09-08 13:40:12,031 [INFO] [Dummy-7] [root/windows_notification.py:164]: Notification service started (WNF_SHEL_NOTIFICATIONS)
2026-09-08 13:40:12,120 [INFO] [Dummy-6] [root/event_listener.py:147]: Komorebi connected to named pipe: yasb-c27caa27-ab47-11f1-941d-a85e45552a3e
2026-09-08 13:40:12,122 [INFO] [MainThread] [root/open_meteo.py:133]: No saved location for open_meteo. Awaiting user setup.
2026-09-08 13:40:12,128 [INFO] [MainThread] [root/open_meteo.py:133]: No saved location for open_meteo. Awaiting user setup.
2026-09-08 13:40:51,920 [INFO] [MainThread] [open_meteo/location.py:121]: Deleted location for open_meteo
2026-09-08 16:58:38,661 [INFO] [MainThread] [root/bar_manager.py:119]: Stopping WindowsNotificationEventListener...
2026-09-08 16:58:38,687 [INFO] [Dummy-7] [root/windows_notification.py:97]: Notification service stopped
2026-09-08 16:58:38,950 [INFO] [MainThread] [root/bar_manager.py:119]: Stopping SystemEventListener...
2026-09-08 16:58:38,959 [INFO] [MainThread] [root/bar_manager.py:119]: Stopping KomorebiEventListener...
2026-09-09 08:35:03,758 [INFO] [MainThread] [root/log.py:104]: YASB v2.0.6
2026-09-09 08:35:03,759 [INFO] [CLIPipeServer] [cli_server/cli_server.py:216]: CLI server started v1.1.7
2026-09-09 08:35:03,759 [INFO] [MainThread] [cli_server/cli_server.py:106]: Log pipe server started
2026-09-09 08:35:04,525 [INFO] [MainThread] [root/service.py:52]: AudioOutputService starting...
2026-09-09 08:35:04,833 [INFO] [MainThread] [root/bar_manager.py:103]: Starting SystemEventListener...
2026-09-09 08:35:04,833 [INFO] [MainThread] [root/bar_manager.py:103]: Starting KomorebiEventListener...
2026-09-09 08:35:04,833 [INFO] [MainThread] [root/bar_manager.py:103]: Starting WindowsNotificationEventListener...
2026-09-09 08:35:04,834 [INFO] [Dummy-4] [root/event_listener.py:54]: Created named pipe yasb-4d071d20-abe6-11f1-bfa0-a85e45552a3e
2026-09-09 08:35:04,836 [INFO] [MainThread] [root/watcher.py:65]: Watching directory: c:\users\mis\neps-windows-usability-config\.config\yasb
2026-09-09 08:35:04,836 [INFO] [MainThread] [root/watcher.py:104]: Created file watcher
2026-09-09 08:35:04,882 [INFO] [MainThread] [root/update_service.py:434]: Background update checker started
2026-09-09 08:35:04,888 [INFO] [Dummy-7] [root/windows_notification.py:164]: Notification service started (WNF_SHEL_NOTIFICATIONS)
2026-09-09 08:35:04,929 [WARNING] [Dummy-4] [root/event_listener.py:134]: Komorebi failed to subscribe named pipe. Komorebi is not running, please start Komorebi.
2026-09-09 08:35:09,982 [INFO] [Dummy-4] [root/event_listener.py:147]: Komorebi connected to named pipe: yasb-4d071d20-abe6-11f1-bfa0-a85e45552a3e
2026-09-09 08:39:44,842 [WARNING] [Dummy-4] [root/event_listener.py:95]: Pipe has been ended: (109, 'PeekNamedPipe', 'The pipe has been ended.')
2026-09-09 08:39:44,842 [INFO] [Dummy-4] [root/event_listener.py:107]: Attempting to reconnect to Komorebi...
2026-09-09 08:39:47,850 [INFO] [Dummy-4] [root/event_listener.py:54]: Created named pipe yasb-4d071d20-abe6-11f1-bfa0-a85e45552a3e
2026-09-09 08:39:47,917 [WARNING] [Dummy-4] [root/event_listener.py:134]: Komorebi failed to subscribe named pipe. Komorebi is not running, please start Komorebi.
2026-09-09 08:39:52,971 [INFO] [Dummy-4] [root/event_listener.py:147]: Komorebi connected to named pipe: yasb-4d071d20-abe6-11f1-bfa0-a85e45552a3e
2026-09-11 20:05:01,058 [INFO] [MainThread] [root/log.py:104]: YASB v2.0.6
2026-09-11 20:05:01,059 [INFO] [CLIPipeServer] [cli_server/cli_server.py:216]: CLI server started v1.1.7
2026-09-11 20:05:01,059 [INFO] [MainThread] [cli_server/cli_server.py:106]: Log pipe server started
2026-09-11 20:05:01,507 [INFO] [MainThread] [root/service.py:52]: AudioOutputService starting...
2026-09-11 20:05:01,693 [INFO] [MainThread] [root/bar_manager.py:103]: Starting KomorebiEventListener...
2026-09-11 20:05:01,693 [INFO] [MainThread] [root/bar_manager.py:103]: Starting SystemEventListener...
2026-09-11 20:05:01,693 [INFO] [MainThread] [root/bar_manager.py:103]: Starting WindowsNotificationEventListener...
2026-09-11 20:05:01,695 [INFO] [MainThread] [root/watcher.py:65]: Watching directory: c:\users\nep\neps-windows-usability-config\.config\yasb
2026-09-11 20:05:01,695 [INFO] [MainThread] [root/watcher.py:104]: Created file watcher
2026-09-11 20:05:01,747 [INFO] [Dummy-6] [root/event_listener.py:54]: Created named pipe yasb-044e2abb-add9-11f1-95ed-a8a15937b6a6
2026-09-11 20:05:01,759 [INFO] [MainThread] [root/update_service.py:434]: Background update checker started
2026-09-11 20:05:01,774 [INFO] [Dummy-7] [root/windows_notification.py:164]: Notification service started (WNF_SHEL_NOTIFICATIONS)
2026-09-11 20:05:01,904 [INFO] [Dummy-6] [root/event_listener.py:147]: Komorebi connected to named pipe: yasb-044e2abb-add9-11f1-95ed-a8a15937b6a6
Windows fatal exception: code 0x800706f7

Thread 0x00000224 [KomorebiEventListener] (most recent call first):
  File "C:\hostedtoolcache\windows\Python\3.14.6\x64\Lib\threading.py", line 373 in wait
  File "C:\hostedtoolcache\windows\Python\3.14.6\x64\Lib\threading.py", line 670 in wait
  File "D:\a\yasb\yasb\src\core\widgets\services\komorebi\event_listener.py", line 75 in run

Thread 0x000037d0 [WindowsNotificationEventListener] (most recent call first):
  File "C:\hostedtoolcache\windows\Python\3.14.6\x64\Lib\asyncio\windows_events.py", line 778 in _poll
  File "C:\hostedtoolcache\windows\Python\3.14.6\x64\Lib\asyncio\windows_events.py", line 446 in select
  File "C:\hostedtoolcache\windows\Python\3.14.6\x64\Lib\asyncio\base_events.py", line 2018 in _run_once
  File "C:\hostedtoolcache\windows\Python\3.14.6\x64\Lib\asyncio\base_events.py", line 677 in run_forever
  File "C:\hostedtoolcache\windows\Python\3.14.6\x64\Lib\asyncio\base_events.py", line 706 in run_until_complete
  File "D:\a\yasb\yasb\src\core\widgets\services\notifications\windows_notification.py", line 84 in run

Thread 0x00001e14 [SystemEventListener] (most recent call first):
  File "D:\a\yasb\yasb\src\core\utils\win32\event_listener.py", line 69 in run

Thread 0x0000173c [Thread-4] (most recent call first):
  File "C:\hostedtoolcache\windows\Python\3.14.6\x64\Lib\threading.py", line 369 in wait
  File "C:\hostedtoolcache\windows\Python\3.14.6\x64\Lib\queue.py", line 199 in get
  File "D:\a\yasb\yasb\venv\Lib\site-packages\watchdog\observers\api.py", line 379 in dispatch_events
  File "D:\a\yasb\yasb\venv\Lib\site-packages\watchdog\observers\api.py", line 213 in run
  File "C:\hostedtoolcache\windows\Python\3.14.6\x64\Lib\threading.py", line 1082 in _bootstrap_inner
  File "C:\hostedtoolcache\windows\Python\3.14.6\x64\Lib\threading.py", line 1044 in _bootstrap

Thread 0x00001850 [Thread-5] (most recent call first):
  File "D:\a\yasb\yasb\venv\Lib\site-packages\watchdog\observers\winapi.py", line 326 in read_directory_changes
  File "D:\a\yasb\yasb\venv\Lib\site-packages\watchdog\observers\winapi.py", line 380 in read_events
  File "D:\a\yasb\yasb\venv\Lib\site-packages\watchdog\observers\read_directory_changes.py", line 67 in _read_events
  File "D:\a\yasb\yasb\venv\Lib\site-packages\watchdog\observers\read_directory_changes.py", line 70 in queue_events
  File "D:\a\yasb\yasb\venv\Lib\site-packages\watchdog\observers\api.py", line 158 in run
  File "C:\hostedtoolcache\windows\Python\3.14.6\x64\Lib\threading.py", line 1082 in _bootstrap_inner
  File "C:\hostedtoolcache\windows\Python\3.14.6\x64\Lib\threading.py", line 1044 in _bootstrap

Thread 0x0000168c [MemoryWorker] (most recent call first):
  File "C:\hostedtoolcache\windows\Python\3.14.6\x64\Lib\threading.py", line 373 in wait
  File "C:\hostedtoolcache\windows\Python\3.14.6\x64\Lib\threading.py", line 670 in wait
  File "D:\a\yasb\yasb\src\core\widgets\services\memory\memory_api.py", line 247 in run

Thread 0x000017d0 [CpuWorker] (most recent call first):
  File "C:\hostedtoolcache\windows\Python\3.14.6\x64\Lib\threading.py", line 373 in wait
  File "C:\hostedtoolcache\windows\Python\3.14.6\x64\Lib\threading.py", line 670 in wait
  File "D:\a\yasb\yasb\src\core\widgets\services\cpu\cpu_api.py", line 343 in run

Thread 0x00001ce0 [_EventWorker] (most recent call first):
  File "D:\a\yasb\yasb\venv\Lib\site-packages\qasync\_windows.py", line 147 in _poll
  File "D:\a\yasb\yasb\venv\Lib\site-packages\qasync\_windows.py", line 72 in select
  File "D:\a\yasb\yasb\venv\Lib\site-packages\qasync\_windows.py", line 199 in run

Thread 0x00002dc8 [LogPipeServer] (most recent call first):
  File "D:\a\yasb\yasb\src\core\utils\win32\bindings\kernel32.py", line 291 in ConnectNamedPipe
  File "D:\a\yasb\yasb\src\core\utils\cli_server.py", line 138 in _run_server
  File "C:\hostedtoolcache\windows\Python\3.14.6\x64\Lib\threading.py", line 1024 in run
  File "C:\hostedtoolcache\windows\Python\3.14.6\x64\Lib\threading.py", line 1082 in _bootstrap_inner
  File "C:\hostedtoolcache\windows\Python\3.14.6\x64\Lib\threading.py", line 1044 in _bootstrap

Thread 0x00003348 [CLIPipeServer] (most recent call first):
  File "D:\a\yasb\yasb\src\core\utils\win32\bindings\kernel32.py", line 291 in ConnectNamedPipe
  File "D:\a\yasb\yasb\src\core\utils\cli_server.py", line 235 in _run_server
  File "C:\hostedtoolcache\windows\Python\3.14.6\x64\Lib\threading.py", line 1024 in run
  File "C:\hostedtoolcache\windows\Python\3.14.6\x64\Lib\threading.py", line 1082 in _bootstrap_inner
  File "C:\hostedtoolcache\windows\Python\3.14.6\x64\Lib\threading.py", line 1044 in _bootstrap

Current thread 0x00002288 (most recent call first):
  File "D:\a\yasb\yasb\src\core\widgets\yasb\active_window.py", line 337 in _update_window_title
  File "D:\a\yasb\yasb\src\core\widgets\yasb\active_window.py", line 237 in _on_focus_change_event
  File "D:\a\yasb\yasb\venv\Lib\site-packages\qasync\__init__.py", line 404 in run_forever
  File "D:\a\yasb\yasb\venv\Lib\site-packages\qasync\__init__.py", line 428 in run_until_complete
  File "main.py", line 100 in main
  File "main.py", line 203 in <module>
  File "D:\a\yasb\yasb\venv\Lib\site-packages\freeze_core\initscripts\console.py", line 43 in run
  File "src/freeze_core/initscripts/__startup__.py", line 147 in run
2026-09-11 22:29:57,153 [INFO] [MainThread] [root/bar_manager.py:97]: Screens updated. Re-initialising all bars.
2026-09-11 22:29:57,155 [INFO] [MainThread] [root/controller.py:21]: Reloading Application because of screen update.
2026-09-11 22:29:57,262 [INFO] [MainThread] [cli_server/cli_server.py:114]: Log pipe server stopped
2026-09-11 22:29:57,792 [INFO] [MainThread] [root/bar_manager.py:119]: Stopping KomorebiEventListener...
2026-09-11 22:29:57,796 [INFO] [MainThread] [root/bar_manager.py:119]: Stopping SystemEventListener...
2026-09-11 22:29:57,798 [INFO] [MainThread] [root/bar_manager.py:119]: Stopping WindowsNotificationEventListener...
2026-09-11 22:29:57,800 [INFO] [Dummy-7] [root/windows_notification.py:97]: Notification service stopped
2026-09-11 22:29:57,927 [INFO] [MainThread] [root/log.py:104]: YASB v2.0.6
2026-09-11 22:29:57,929 [INFO] [CLIPipeServer] [cli_server/cli_server.py:216]: CLI server started v1.1.7
2026-09-11 22:29:57,929 [INFO] [MainThread] [cli_server/cli_server.py:106]: Log pipe server started
2026-09-11 22:29:58,562 [INFO] [MainThread] [root/service.py:52]: AudioOutputService starting...
2026-09-11 22:29:59,026 [INFO] [MainThread] [root/bar_manager.py:103]: Starting WindowsNotificationEventListener...
2026-09-11 22:29:59,026 [INFO] [MainThread] [root/bar_manager.py:103]: Starting SystemEventListener...
2026-09-11 22:29:59,027 [INFO] [MainThread] [root/bar_manager.py:103]: Starting KomorebiEventListener...
2026-09-11 22:29:59,028 [INFO] [MainThread] [root/watcher.py:65]: Watching directory: c:\users\nep\neps-windows-usability-config\.config\yasb
2026-09-11 22:29:59,028 [INFO] [MainThread] [root/watcher.py:104]: Created file watcher
2026-09-11 22:29:59,169 [INFO] [Dummy-6] [root/event_listener.py:54]: Created named pipe yasb-4451f121-aded-11f1-9537-a8a15937b6a6
2026-09-11 22:29:59,176 [INFO] [MainThread] [root/update_service.py:434]: Background update checker started
2026-09-11 22:29:59,203 [INFO] [Dummy-7] [root/windows_notification.py:164]: Notification service started (WNF_SHEL_NOTIFICATIONS)
2026-09-11 22:29:59,311 [INFO] [Dummy-6] [root/event_listener.py:147]: Komorebi connected to named pipe: yasb-4451f121-aded-11f1-9537-a8a15937b6a6
2026-09-11 23:00:00,538 [ERROR] [MainThread] [open_meteo/api.py:112]: Open-Meteo response error 503: ServiceUnavailableError 403
2026-09-11 23:00:00,538 [WARNING] [MainThread] [root/open_meteo.py:865]: Error processing Open-Meteo data: Weather data is empty.
2026-09-11 23:00:00,539 [WARNING] [MainThread] [root/open_meteo.py:865]: Error processing Open-Meteo data: Weather data is empty.
2026-09-12 00:00:00,468 [ERROR] [MainThread] [open_meteo/api.py:112]: Open-Meteo response error 503: ServiceUnavailableError 403
2026-09-12 00:00:00,469 [WARNING] [MainThread] [root/open_meteo.py:865]: Error processing Open-Meteo data: Weather data is empty.
2026-09-12 00:00:00,470 [WARNING] [MainThread] [root/open_meteo.py:865]: Error processing Open-Meteo data: Weather data is empty.
2026-09-12 06:00:00,527 [ERROR] [MainThread] [open_meteo/api.py:112]: Open-Meteo response error 503: ServiceUnavailableError 403
2026-09-12 06:00:00,528 [WARNING] [MainThread] [root/open_meteo.py:865]: Error processing Open-Meteo data: Weather data is empty.
2026-09-12 06:00:00,529 [WARNING] [MainThread] [root/open_meteo.py:865]: Error processing Open-Meteo data: Weather data is empty.
2026-09-12 07:00:00,547 [ERROR] [MainThread] [open_meteo/api.py:112]: Open-Meteo response error 503: ServiceUnavailableError 403
2026-09-12 07:00:00,547 [WARNING] [MainThread] [root/open_meteo.py:865]: Error processing Open-Meteo data: Weather data is empty.
2026-09-12 07:00:00,548 [WARNING] [MainThread] [root/open_meteo.py:865]: Error processing Open-Meteo data: Weather data is empty.
2026-09-12 14:28:05,788 [INFO] [MainThread] [root/bar_manager.py:97]: Screens updated. Re-initialising all bars.
2026-09-12 14:28:05,790 [INFO] [MainThread] [root/controller.py:21]: Reloading Application because of screen update.
2026-09-12 14:28:05,924 [INFO] [MainThread] [cli_server/cli_server.py:114]: Log pipe server stopped
2026-09-12 14:28:06,272 [INFO] [MainThread] [root/bar_manager.py:119]: Stopping WindowsNotificationEventListener...
2026-09-12 14:28:06,289 [INFO] [Dummy-7] [root/windows_notification.py:97]: Notification service stopped
2026-09-12 14:28:06,301 [INFO] [MainThread] [root/bar_manager.py:119]: Stopping SystemEventListener...
2026-09-12 14:28:06,302 [INFO] [MainThread] [root/bar_manager.py:119]: Stopping KomorebiEventListener...
2026-09-12 14:28:06,913 [INFO] [MainThread] [root/log.py:104]: YASB v2.0.6
2026-09-12 14:28:06,913 [INFO] [CLIPipeServer] [cli_server/cli_server.py:216]: CLI server started v1.1.7
2026-09-12 14:28:06,913 [INFO] [MainThread] [cli_server/cli_server.py:106]: Log pipe server started
2026-09-12 14:28:07,906 [INFO] [MainThread] [root/service.py:52]: AudioOutputService starting...
2026-09-12 14:28:08,210 [INFO] [MainThread] [root/bar_manager.py:103]: Starting KomorebiEventListener...
2026-09-12 14:28:08,210 [INFO] [MainThread] [root/bar_manager.py:103]: Starting SystemEventListener...
2026-09-12 14:28:08,210 [INFO] [MainThread] [root/bar_manager.py:103]: Starting WindowsNotificationEventListener...
2026-09-12 14:28:08,212 [INFO] [MainThread] [root/watcher.py:65]: Watching directory: c:\users\nep\neps-windows-usability-config\.config\yasb
2026-09-12 14:28:08,212 [INFO] [MainThread] [root/watcher.py:104]: Created file watcher
2026-09-12 14:28:08,213 [INFO] [Dummy-6] [root/event_listener.py:54]: Created named pipe yasb-1e8b2c45-ae73-11f1-9e14-a8a15937b6a6
2026-09-12 14:28:08,324 [INFO] [MainThread] [root/update_service.py:434]: Background update checker started
2026-09-12 14:28:08,353 [INFO] [Dummy-8] [root/windows_notification.py:164]: Notification service started (WNF_SHEL_NOTIFICATIONS)
2026-09-12 14:28:08,517 [INFO] [Dummy-6] [root/event_listener.py:147]: Komorebi connected to named pipe: yasb-1e8b2c45-ae73-11f1-9e14-a8a15937b6a6
2026-09-12 14:28:14,562 [INFO] [MainThread] [root/bar_manager.py:97]: Screens updated. Re-initialising all bars.
2026-09-12 14:28:14,562 [INFO] [MainThread] [root/controller.py:21]: Reloading Application because of screen update.
2026-09-12 14:28:14,673 [INFO] [MainThread] [cli_server/cli_server.py:114]: Log pipe server stopped
2026-09-12 14:28:15,320 [INFO] [MainThread] [root/bar_manager.py:119]: Stopping KomorebiEventListener...
2026-09-12 14:28:15,339 [INFO] [MainThread] [root/bar_manager.py:119]: Stopping SystemEventListener...
2026-09-12 14:28:15,360 [INFO] [MainThread] [root/bar_manager.py:119]: Stopping WindowsNotificationEventListener...
2026-09-12 14:28:15,360 [INFO] [Dummy-8] [root/windows_notification.py:97]: Notification service stopped
2026-09-12 14:28:15,369 [INFO] [MainThread] [root/log.py:104]: YASB v2.0.6
2026-09-12 14:28:15,369 [INFO] [CLIPipeServer] [cli_server/cli_server.py:216]: CLI server started v1.1.7
2026-09-12 14:28:15,370 [INFO] [MainThread] [cli_server/cli_server.py:106]: Log pipe server started
2026-09-12 14:28:15,370 [INFO] [MainThread] [root/main.py:48]: Waiting for previous YASB instance to exit...
2026-09-12 14:28:15,896 [INFO] [MainThread] [root/main.py:74]: Previous instance exited, continuing startup.
2026-09-12 14:28:16,640 [INFO] [MainThread] [root/service.py:52]: AudioOutputService starting...
2026-09-12 14:28:17,196 [INFO] [MainThread] [root/bar_manager.py:103]: Starting WindowsNotificationEventListener...
2026-09-12 14:28:17,197 [INFO] [MainThread] [root/bar_manager.py:103]: Starting KomorebiEventListener...
2026-09-12 14:28:17,197 [INFO] [MainThread] [root/bar_manager.py:103]: Starting SystemEventListener...
2026-09-12 14:28:17,199 [INFO] [MainThread] [root/watcher.py:65]: Watching directory: c:\users\nep\neps-windows-usability-config\.config\yasb
2026-09-12 14:28:17,200 [INFO] [MainThread] [root/watcher.py:104]: Created file watcher
2026-09-12 14:28:17,201 [INFO] [Dummy-6] [root/event_listener.py:54]: Created named pipe yasb-23e67242-ae73-11f1-87a7-a8a15937b6a6
2026-09-12 14:28:17,365 [INFO] [MainThread] [root/update_service.py:434]: Background update checker started
2026-09-12 14:28:17,374 [INFO] [Dummy-7] [root/windows_notification.py:164]: Notification service started (WNF_SHEL_NOTIFICATIONS)
2026-09-12 14:28:17,374 [INFO] [Dummy-6] [root/event_listener.py:147]: Komorebi connected to named pipe: yasb-23e67242-ae73-11f1-87a7-a8a15937b6a6
2026-09-12 16:24:43,493 [INFO] [MainThread] [root/bar_manager.py:119]: Stopping WindowsNotificationEventListener...
2026-09-12 16:24:43,493 [INFO] [Dummy-7] [root/windows_notification.py:97]: Notification service stopped
2026-09-12 16:24:43,505 [INFO] [MainThread] [root/bar_manager.py:119]: Stopping KomorebiEventListener...
2026-09-12 16:24:43,544 [INFO] [MainThread] [root/bar_manager.py:119]: Stopping SystemEventListener...
2026-09-12 16:25:41,867 [INFO] [MainThread] [root/log.py:104]: YASB v2.0.6
2026-09-12 16:25:41,868 [INFO] [CLIPipeServer] [cli_server/cli_server.py:216]: CLI server started v1.1.7
2026-09-12 16:25:41,869 [INFO] [MainThread] [cli_server/cli_server.py:106]: Log pipe server started
2026-09-12 16:25:43,169 [INFO] [MainThread] [root/service.py:52]: AudioOutputService starting...
2026-09-12 16:25:43,595 [INFO] [MainThread] [root/bar_manager.py:103]: Starting SystemEventListener...
2026-09-12 16:25:43,595 [INFO] [MainThread] [root/bar_manager.py:103]: Starting KomorebiEventListener...
2026-09-12 16:25:43,595 [INFO] [MainThread] [root/bar_manager.py:103]: Starting WindowsNotificationEventListener...
2026-09-12 16:25:43,596 [INFO] [MainThread] [root/watcher.py:65]: Watching directory: c:\users\nep\neps-windows-usability-config\.config\yasb
2026-09-12 16:25:43,596 [INFO] [MainThread] [root/watcher.py:104]: Created file watcher
2026-09-12 16:25:43,598 [INFO] [Dummy-6] [root/event_listener.py:54]: Created named pipe yasb-8be179ca-ae83-11f1-be20-a8a15937b6a6
2026-09-12 16:25:43,701 [INFO] [MainThread] [root/update_service.py:434]: Background update checker started
2026-09-12 16:25:43,739 [INFO] [Dummy-7] [root/windows_notification.py:164]: Notification service started (WNF_SHEL_NOTIFICATIONS)
2026-09-12 16:25:43,751 [WARNING] [Dummy-6] [root/event_listener.py:134]: Komorebi failed to subscribe named pipe. Komorebi is not running, please start Komorebi.
2026-09-12 16:25:53,865 [INFO] [Dummy-6] [root/event_listener.py:147]: Komorebi connected to named pipe: yasb-8be179ca-ae83-11f1-be20-a8a15937b6a6
Windows fatal exception: code 0x800706f7

Thread 0x00002b14 [Thread-4] (most recent call first):
  File "C:\hostedtoolcache\windows\Python\3.14.6\x64\Lib\threading.py", line 369 in wait
  File "C:\hostedtoolcache\windows\Python\3.14.6\x64\Lib\queue.py", line 199 in get
  File "D:\a\yasb\yasb\venv\Lib\site-packages\watchdog\observers\api.py", line 379 in dispatch_events
  File "D:\a\yasb\yasb\venv\Lib\site-packages\watchdog\observers\api.py", line 213 in run
  File "C:\hostedtoolcache\windows\Python\3.14.6\x64\Lib\threading.py", line 1082 in _bootstrap_inner
  File "C:\hostedtoolcache\windows\Python\3.14.6\x64\Lib\threading.py", line 1044 in _bootstrap

Thread 0x00002be0 [WindowsNotificationEventListener] (most recent call first):
  File "C:\hostedtoolcache\windows\Python\3.14.6\x64\Lib\asyncio\windows_events.py", line 778 in _poll
  File "C:\hostedtoolcache\windows\Python\3.14.6\x64\Lib\asyncio\windows_events.py", line 446 in select
  File "C:\hostedtoolcache\windows\Python\3.14.6\x64\Lib\asyncio\base_events.py", line 2018 in _run_once
  File "C:\hostedtoolcache\windows\Python\3.14.6\x64\Lib\asyncio\base_events.py", line 677 in run_forever
  File "C:\hostedtoolcache\windows\Python\3.14.6\x64\Lib\asyncio\base_events.py", line 706 in run_until_complete
  File "D:\a\yasb\yasb\src\core\widgets\services\notifications\windows_notification.py", line 84 in run

Thread 0x00002b20 [KomorebiEventListener] (most recent call first):
  File "C:\hostedtoolcache\windows\Python\3.14.6\x64\Lib\threading.py", line 373 in wait
  File "C:\hostedtoolcache\windows\Python\3.14.6\x64\Lib\threading.py", line 670 in wait
  File "D:\a\yasb\yasb\src\core\widgets\services\komorebi\event_listener.py", line 75 in run

Thread 0x00002b4c [SystemEventListener] (most recent call first):
  File "D:\a\yasb\yasb\src\core\utils\win32\event_listener.py", line 69 in run

Thread 0x00001508 [Thread-5] (most recent call first):
  File "D:\a\yasb\yasb\venv\Lib\site-packages\watchdog\observers\winapi.py", line 326 in read_directory_changes
  File "D:\a\yasb\yasb\venv\Lib\site-packages\watchdog\observers\winapi.py", line 380 in read_events
  File "D:\a\yasb\yasb\venv\Lib\site-packages\watchdog\observers\read_directory_changes.py", line 67 in _read_events
  File "D:\a\yasb\yasb\venv\Lib\site-packages\watchdog\observers\read_directory_changes.py", line 70 in queue_events
  File "D:\a\yasb\yasb\venv\Lib\site-packages\watchdog\observers\api.py", line 158 in run
  File "C:\hostedtoolcache\windows\Python\3.14.6\x64\Lib\threading.py", line 1082 in _bootstrap_inner
  File "C:\hostedtoolcache\windows\Python\3.14.6\x64\Lib\threading.py", line 1044 in _bootstrap

Thread 0x00002b30 [MemoryWorker] (most recent call first):
  File "C:\hostedtoolcache\windows\Python\3.14.6\x64\Lib\threading.py", line 373 in wait
  File "C:\hostedtoolcache\windows\Python\3.14.6\x64\Lib\threading.py", line 670 in wait
  File "D:\a\yasb\yasb\src\core\widgets\services\memory\memory_api.py", line 247 in run

Thread 0x00002a80 [CpuWorker] (most recent call first):
  File "C:\hostedtoolcache\windows\Python\3.14.6\x64\Lib\threading.py", line 373 in wait
  File "C:\hostedtoolcache\windows\Python\3.14.6\x64\Lib\threading.py", line 670 in wait
  File "D:\a\yasb\yasb\src\core\widgets\services\cpu\cpu_api.py", line 343 in run

Thread 0x00002a60 [_EventWorker] (most recent call first):
  File "D:\a\yasb\yasb\venv\Lib\site-packages\qasync\_windows.py", line 147 in _poll
  File "D:\a\yasb\yasb\venv\Lib\site-packages\qasync\_windows.py", line 72 in select
  File "D:\a\yasb\yasb\venv\Lib\site-packages\qasync\_windows.py", line 199 in run

Thread 0x00002a50 [LogPipeServer] (most recent call first):
  File "D:\a\yasb\yasb\src\core\utils\win32\bindings\kernel32.py", line 291 in ConnectNamedPipe
  File "D:\a\yasb\yasb\src\core\utils\cli_server.py", line 138 in _run_server
  File "C:\hostedtoolcache\windows\Python\3.14.6\x64\Lib\threading.py", line 1024 in run
  File "C:\hostedtoolcache\windows\Python\3.14.6\x64\Lib\threading.py", line 1082 in _bootstrap_inner
  File "C:\hostedtoolcache\windows\Python\3.14.6\x64\Lib\threading.py", line 1044 in _bootstrap

Thread 0x00002a4c [CLIPipeServer] (most recent call first):
  File "D:\a\yasb\yasb\src\core\utils\win32\bindings\kernel32.py", line 291 in ConnectNamedPipe
  File "D:\a\yasb\yasb\src\core\utils\cli_server.py", line 235 in _run_server
  File "C:\hostedtoolcache\windows\Python\3.14.6\x64\Lib\threading.py", line 1024 in run
  File "C:\hostedtoolcache\windows\Python\3.14.6\x64\Lib\threading.py", line 1082 in _bootstrap_inner
  File "C:\hostedtoolcache\windows\Python\3.14.6\x64\Lib\threading.py", line 1044 in _bootstrap

Current thread 0x00002750 (most recent call first):
  File "D:\a\yasb\yasb\src\core\widgets\yasb\active_window.py", line 337 in _update_window_title
  File "D:\a\yasb\yasb\src\core\widgets\yasb\active_window.py", line 237 in _on_focus_change_event
  File "D:\a\yasb\yasb\venv\Lib\site-packages\qasync\__init__.py", line 404 in run_forever
  File "D:\a\yasb\yasb\venv\Lib\site-packages\qasync\__init__.py", line 428 in run_until_complete
  File "main.py", line 100 in main
  File "main.py", line 203 in <module>
  File "D:\a\yasb\yasb\venv\Lib\site-packages\freeze_core\initscripts\console.py", line 43 in run
  File "src/freeze_core/initscripts/__startup__.py", line 147 in run
2026-09-13 07:35:49,495 [ERROR] [MainThread] [open_meteo/api.py:105]: No internet connection or host not found. Unable to fetch weather.
2026-09-13 07:35:49,496 [WARNING] [MainThread] [root/open_meteo.py:865]: Error processing Open-Meteo data: Weather data is empty.
2026-09-13 07:35:49,518 [WARNING] [MainThread] [root/open_meteo.py:865]: Error processing Open-Meteo data: Weather data is empty.
2026-09-13 15:15:20,274 [INFO] [MainThread] [root/bar_manager.py:119]: Stopping SystemEventListener...
2026-09-13 15:15:20,317 [INFO] [MainThread] [root/bar_manager.py:119]: Stopping KomorebiEventListener...
2026-09-13 15:15:20,387 [INFO] [MainThread] [root/bar_manager.py:119]: Stopping WindowsNotificationEventListener...
2026-09-13 15:15:20,397 [INFO] [Dummy-7] [root/windows_notification.py:97]: Notification service stopped
2026-09-13 18:29:17,233 [INFO] [MainThread] [root/log.py:104]: YASB v2.0.6
2026-09-13 18:29:17,233 [INFO] [CLIPipeServer] [cli_server/cli_server.py:216]: CLI server started v1.1.7
2026-09-13 18:29:17,234 [INFO] [MainThread] [cli_server/cli_server.py:106]: Log pipe server started
2026-09-13 18:29:18,908 [INFO] [MainThread] [root/service.py:52]: AudioOutputService starting...
2026-09-13 18:29:19,240 [INFO] [MainThread] [root/bar_manager.py:103]: Starting WindowsNotificationEventListener...
2026-09-13 18:29:19,240 [INFO] [MainThread] [root/bar_manager.py:103]: Starting KomorebiEventListener...
2026-09-13 18:29:19,240 [INFO] [MainThread] [root/bar_manager.py:103]: Starting SystemEventListener...
2026-09-13 18:29:19,241 [INFO] [MainThread] [root/watcher.py:65]: Watching directory: c:\users\nep\neps-windows-usability-config\.config\yasb
2026-09-13 18:29:19,241 [INFO] [MainThread] [root/watcher.py:104]: Created file watcher
2026-09-13 18:29:19,261 [INFO] [Dummy-7] [root/event_listener.py:54]: Created named pipe yasb-fa5cdefa-af5d-11f1-a94e-a8a15937b6a6
2026-09-13 18:29:19,333 [INFO] [MainThread] [root/update_service.py:434]: Background update checker started
2026-09-13 18:29:19,335 [INFO] [Dummy-6] [root/windows_notification.py:164]: Notification service started (WNF_SHEL_NOTIFICATIONS)
2026-09-13 18:29:19,713 [WARNING] [Dummy-7] [root/event_listener.py:134]: Komorebi failed to subscribe named pipe. Komorebi is not running, please start Komorebi.
2026-09-13 18:29:25,657 [INFO] [MainThread] [root/bar_manager.py:97]: Screens updated. Re-initialising all bars.
2026-09-13 18:29:25,657 [INFO] [MainThread] [root/controller.py:21]: Reloading Application because of screen update.
2026-09-13 18:29:25,764 [INFO] [MainThread] [cli_server/cli_server.py:114]: Log pipe server stopped
2026-09-13 18:29:26,341 [INFO] [MainThread] [root/bar_manager.py:119]: Stopping WindowsNotificationEventListener...
2026-09-13 18:29:26,342 [INFO] [Dummy-6] [root/windows_notification.py:97]: Notification service stopped
2026-09-13 18:29:26,351 [INFO] [MainThread] [root/bar_manager.py:119]: Stopping KomorebiEventListener...
2026-09-13 18:29:26,482 [INFO] [MainThread] [root/bar_manager.py:119]: Stopping SystemEventListener...
2026-09-13 18:29:26,684 [INFO] [MainThread] [root/log.py:104]: YASB v2.0.6
2026-09-13 18:29:26,688 [INFO] [CLIPipeServer] [cli_server/cli_server.py:216]: CLI server started v1.1.7
2026-09-13 18:29:26,692 [INFO] [MainThread] [cli_server/cli_server.py:106]: Log pipe server started
2026-09-13 18:29:28,237 [INFO] [MainThread] [root/service.py:52]: AudioOutputService starting...
2026-09-13 18:29:29,429 [INFO] [MainThread] [root/bar_manager.py:103]: Starting KomorebiEventListener...
2026-09-13 18:29:29,430 [INFO] [MainThread] [root/bar_manager.py:103]: Starting SystemEventListener...
2026-09-13 18:29:29,430 [INFO] [MainThread] [root/bar_manager.py:103]: Starting WindowsNotificationEventListener...
2026-09-13 18:29:29,431 [INFO] [MainThread] [root/watcher.py:65]: Watching directory: c:\users\nep\neps-windows-usability-config\.config\yasb
2026-09-13 18:29:29,431 [INFO] [MainThread] [root/watcher.py:104]: Created file watcher
2026-09-13 18:29:29,561 [INFO] [Dummy-6] [root/event_listener.py:54]: Created named pipe yasb-006fa6c9-af5e-11f1-8e06-a8a15937b6a6
2026-09-13 18:29:29,570 [INFO] [MainThread] [root/update_service.py:434]: Background update checker started
2026-09-13 18:29:29,989 [INFO] [Dummy-7] [root/windows_notification.py:164]: Notification service started (WNF_SHEL_NOTIFICATIONS)
2026-09-13 18:29:30,133 [WARNING] [Dummy-6] [root/event_listener.py:134]: Komorebi failed to subscribe named pipe. Komorebi is not running, please start Komorebi.
2026-09-13 18:29:35,187 [INFO] [Dummy-6] [root/event_listener.py:147]: Komorebi connected to named pipe: yasb-006fa6c9-af5e-11f1-8e06-a8a15937b6a6
2026-09-13 18:29:38,716 [INFO] [MainThread] [root/bar.py:153]: Screen geometry changed. Updating position for bar primary-bar on screen MH-246
2026-09-13 18:29:42,670 [INFO] [MainThread] [root/bar.py:153]: Screen geometry changed. Updating position for bar primary-bar on screen MH-246
Windows fatal exception: code 0x8007072c

Thread 0x000031c0 [SystemEventListener] (most recent call first):
  File "D:\a\yasb\yasb\src\core\utils\win32\event_listener.py", line 69 in run

Thread 0x000031c4 [WindowsNotificationEventListener] (most recent call first):
  File "C:\hostedtoolcache\windows\Python\3.14.6\x64\Lib\asyncio\windows_events.py", line 778 in _poll
  File "C:\hostedtoolcache\windows\Python\3.14.6\x64\Lib\asyncio\windows_events.py", line 446 in select
  File "C:\hostedtoolcache\windows\Python\3.14.6\x64\Lib\asyncio\base_events.py", line 2018 in _run_once
  File "C:\hostedtoolcache\windows\Python\3.14.6\x64\Lib\asyncio\base_events.py", line 677 in run_forever
  File "C:\hostedtoolcache\windows\Python\3.14.6\x64\Lib\asyncio\base_events.py", line 706 in run_until_complete
  File "D:\a\yasb\yasb\src\core\widgets\services\notifications\windows_notification.py", line 84 in run

Thread 0x000031bc [KomorebiEventListener] (most recent call first):
  File "C:\hostedtoolcache\windows\Python\3.14.6\x64\Lib\threading.py", line 373 in wait
  File "C:\hostedtoolcache\windows\Python\3.14.6\x64\Lib\threading.py", line 670 in wait
  File "D:\a\yasb\yasb\src\core\widgets\services\komorebi\event_listener.py", line 75 in run

Thread 0x000031cc [Thread-4] (most recent call first):
  File "C:\hostedtoolcache\windows\Python\3.14.6\x64\Lib\threading.py", line 369 in wait
  File "C:\hostedtoolcache\windows\Python\3.14.6\x64\Lib\queue.py", line 199 in get
  File "D:\a\yasb\yasb\venv\Lib\site-packages\watchdog\observers\api.py", line 379 in dispatch_events
  File "D:\a\yasb\yasb\venv\Lib\site-packages\watchdog\observers\api.py", line 213 in run
  File "C:\hostedtoolcache\windows\Python\3.14.6\x64\Lib\threading.py", line 1082 in _bootstrap_inner
  File "C:\hostedtoolcache\windows\Python\3.14.6\x64\Lib\threading.py", line 1044 in _bootstrap

Thread 0x000031c8 [Thread-5] (most recent call first):
  File "D:\a\yasb\yasb\venv\Lib\site-packages\watchdog\observers\winapi.py", line 326 in read_directory_changes
  File "D:\a\yasb\yasb\venv\Lib\site-packages\watchdog\observers\winapi.py", line 380 in read_events
  File "D:\a\yasb\yasb\venv\Lib\site-packages\watchdog\observers\read_directory_changes.py", line 67 in _read_events
  File "D:\a\yasb\yasb\venv\Lib\site-packages\watchdog\observers\read_directory_changes.py", line 70 in queue_events
  File "D:\a\yasb\yasb\venv\Lib\site-packages\watchdog\observers\api.py", line 158 in run
  File "C:\hostedtoolcache\windows\Python\3.14.6\x64\Lib\threading.py", line 1082 in _bootstrap_inner
  File "C:\hostedtoolcache\windows\Python\3.14.6\x64\Lib\threading.py", line 1044 in _bootstrap

Thread 0x00002db0 [MemoryWorker] (most recent call first):
  File "C:\hostedtoolcache\windows\Python\3.14.6\x64\Lib\threading.py", line 373 in wait
  File "C:\hostedtoolcache\windows\Python\3.14.6\x64\Lib\threading.py", line 670 in wait
  File "D:\a\yasb\yasb\src\core\widgets\services\memory\memory_api.py", line 247 in run

Thread 0x0000163c [CpuWorker] (most recent call first):
  File "C:\hostedtoolcache\windows\Python\3.14.6\x64\Lib\threading.py", line 373 in wait
  File "C:\hostedtoolcache\windows\Python\3.14.6\x64\Lib\threading.py", line 670 in wait
  File "D:\a\yasb\yasb\src\core\widgets\services\cpu\cpu_api.py", line 343 in run

Thread 0x00002e18 [_EventWorker] (most recent call first):
  File "D:\a\yasb\yasb\venv\Lib\site-packages\qasync\_windows.py", line 147 in _poll
  File "D:\a\yasb\yasb\venv\Lib\site-packages\qasync\_windows.py", line 72 in select
  File "D:\a\yasb\yasb\venv\Lib\site-packages\qasync\_windows.py", line 199 in run

Thread 0x00002b08 [LogPipeServer] (most recent call first):
  File "D:\a\yasb\yasb\src\core\utils\win32\bindings\kernel32.py", line 291 in ConnectNamedPipe
  File "D:\a\yasb\yasb\src\core\utils\cli_server.py", line 138 in _run_server
  File "C:\hostedtoolcache\windows\Python\3.14.6\x64\Lib\threading.py", line 1024 in run
  File "C:\hostedtoolcache\windows\Python\3.14.6\x64\Lib\threading.py", line 1082 in _bootstrap_inner
  File "C:\hostedtoolcache\windows\Python\3.14.6\x64\Lib\threading.py", line 1044 in _bootstrap

Thread 0x000028c0 [CLIPipeServer] (most recent call first):
  File "D:\a\yasb\yasb\src\core\utils\win32\bindings\kernel32.py", line 291 in ConnectNamedPipe
  File "D:\a\yasb\yasb\src\core\utils\cli_server.py", line 235 in _run_server
  File "C:\hostedtoolcache\windows\Python\3.14.6\x64\Lib\threading.py", line 1024 in run
  File "C:\hostedtoolcache\windows\Python\3.14.6\x64\Lib\threading.py", line 1082 in _bootstrap_inner
  File "C:\hostedtoolcache\windows\Python\3.14.6\x64\Lib\threading.py", line 1044 in _bootstrap

Thread 0x00002c38 (most recent call first):
  File "D:\a\yasb\yasb\src\core\utils\win32\aumid_icons.py", line 122 in get_icon_for_aumid
  File "D:\a\yasb\yasb\src\core\utils\win32\app_icons.py", line 134 in get_window_icon
  File "D:\a\yasb\yasb\src\core\widgets\yasb\active_window.py", line 348 in _update_window_title
  File "D:\a\yasb\yasb\src\core\widgets\yasb\active_window.py", line 237 in _on_focus_change_event
  File "D:\a\yasb\yasb\venv\Lib\site-packages\qasync\__init__.py", line 404 in run_forever
  File "D:\a\yasb\yasb\venv\Lib\site-packages\qasync\__init__.py", line 428 in run_until_complete
  File "main.py", line 100 in main
  File "main.py", line 203 in <module>
  File "D:\a\yasb\yasb\venv\Lib\site-packages\freeze_core\initscripts\console.py", line 43 in run
  File "src/freeze_core/initscripts/__startup__.py", line 147 in run
Windows fatal exception: code 0x8007072c

Thread 0x000031c0 [SystemEventListener] (most recent call first):
  File "D:\a\yasb\yasb\src\core\utils\win32\event_listener.py", line 69 in run

Thread 0x000031c4 [WindowsNotificationEventListener] (most recent call first):
  File "C:\hostedtoolcache\windows\Python\3.14.6\x64\Lib\asyncio\windows_events.py", line 778 in _poll
  File "C:\hostedtoolcache\windows\Python\3.14.6\x64\Lib\asyncio\windows_events.py", line 446 in select
  File "C:\hostedtoolcache\windows\Python\3.14.6\x64\Lib\asyncio\base_events.py", line 2018 in _run_once
  File "C:\hostedtoolcache\windows\Python\3.14.6\x64\Lib\asyncio\base_events.py", line 677 in run_forever
  File "C:\hostedtoolcache\windows\Python\3.14.6\x64\Lib\asyncio\base_events.py", line 706 in run_until_complete
  File "D:\a\yasb\yasb\src\core\widgets\services\notifications\windows_notification.py", line 84 in run

Thread 0x000031bc [KomorebiEventListener] (most recent call first):
  File "C:\hostedtoolcache\windows\Python\3.14.6\x64\Lib\threading.py", line 373 in wait
  File "C:\hostedtoolcache\windows\Python\3.14.6\x64\Lib\threading.py", line 670 in wait
  File "D:\a\yasb\yasb\src\core\widgets\services\komorebi\event_listener.py", line 75 in run

Thread 0x000031cc [Thread-4] (most recent call first):
  File "C:\hostedtoolcache\windows\Python\3.14.6\x64\Lib\threading.py", line 369 in wait
  File "C:\hostedtoolcache\windows\Python\3.14.6\x64\Lib\queue.py", line 199 in get
  File "D:\a\yasb\yasb\venv\Lib\site-packages\watchdog\observers\api.py", line 379 in dispatch_events
  File "D:\a\yasb\yasb\venv\Lib\site-packages\watchdog\observers\api.py", line 213 in run
  File "C:\hostedtoolcache\windows\Python\3.14.6\x64\Lib\threading.py", line 1082 in _bootstrap_inner
  File "C:\hostedtoolcache\windows\Python\3.14.6\x64\Lib\threading.py", line 1044 in _bootstrap

Thread 0x000031c8 [Thread-5] (most recent call first):
  File "D:\a\yasb\yasb\venv\Lib\site-packages\watchdog\observers\winapi.py", line 326 in read_directory_changes
  File "D:\a\yasb\yasb\venv\Lib\site-packages\watchdog\observers\winapi.py", line 380 in read_events
  File "D:\a\yasb\yasb\venv\Lib\site-packages\watchdog\observers\read_directory_changes.py", line 67 in _read_events
  File "D:\a\yasb\yasb\venv\Lib\site-packages\watchdog\observers\read_directory_changes.py", line 70 in queue_events
  File "D:\a\yasb\yasb\venv\Lib\site-packages\watchdog\observers\api.py", line 158 in run
  File "C:\hostedtoolcache\windows\Python\3.14.6\x64\Lib\threading.py", line 1082 in _bootstrap_inner
  File "C:\hostedtoolcache\windows\Python\3.14.6\x64\Lib\threading.py", line 1044 in _bootstrap

Thread 0x00002db0 [MemoryWorker] (most recent call first):
  File "C:\hostedtoolcache\windows\Python\3.14.6\x64\Lib\threading.py", line 373 in wait
  File "C:\hostedtoolcache\windows\Python\3.14.6\x64\Lib\threading.py", line 670 in wait
  File "D:\a\yasb\yasb\src\core\widgets\services\memory\memory_api.py", line 247 in run

Thread 0x0000163c [CpuWorker] (most recent call first):
  File "C:\hostedtoolcache\windows\Python\3.14.6\x64\Lib\threading.py", line 373 in wait
  File "C:\hostedtoolcache\windows\Python\3.14.6\x64\Lib\threading.py", line 670 in wait
  File "D:\a\yasb\yasb\src\core\widgets\services\cpu\cpu_api.py", line 343 in run

Thread 0x00002e18 [_EventWorker] (most recent call first):
  File "D:\a\yasb\yasb\venv\Lib\site-packages\qasync\_windows.py", line 147 in _poll
  File "D:\a\yasb\yasb\venv\Lib\site-packages\qasync\_windows.py", line 72 in select
  File "D:\a\yasb\yasb\venv\Lib\site-packages\qasync\_windows.py", line 199 in run

Thread 0x00002b08 [LogPipeServer] (most recent call first):
  File "D:\a\yasb\yasb\src\core\utils\win32\bindings\kernel32.py", line 291 in ConnectNamedPipe
  File "D:\a\yasb\yasb\src\core\utils\cli_server.py", line 138 in _run_server
  File "C:\hostedtoolcache\windows\Python\3.14.6\x64\Lib\threading.py", line 1024 in run
  File "C:\hostedtoolcache\windows\Python\3.14.6\x64\Lib\threading.py", line 1082 in _bootstrap_inner
  File "C:\hostedtoolcache\windows\Python\3.14.6\x64\Lib\threading.py", line 1044 in _bootstrap

Thread 0x000028c0 [CLIPipeServer] (most recent call first):
  File "D:\a\yasb\yasb\src\core\utils\win32\bindings\kernel32.py", line 291 in ConnectNamedPipe
  File "D:\a\yasb\yasb\src\core\utils\cli_server.py", line 235 in _run_server
  File "C:\hostedtoolcache\windows\Python\3.14.6\x64\Lib\threading.py", line 1024 in run
  File "C:\hostedtoolcache\windows\Python\3.14.6\x64\Lib\threading.py", line 1082 in _bootstrap_inner
  File "C:\hostedtoolcache\windows\Python\3.14.6\x64\Lib\threading.py", line 1044 in _bootstrap

Thread 0x00002c38 (most recent call first):
  File "D:\a\yasb\yasb\src\core\utils\win32\aumid_icons.py", line 122 in get_icon_for_aumid
  File "D:\a\yasb\yasb\src\core\utils\win32\app_icons.py", line 134 in get_window_icon
  File "D:\a\yasb\yasb\src\core\widgets\yasb\active_window.py", line 348 in _update_window_title
  File "D:\a\yasb\yasb\src\core\widgets\yasb\active_window.py", line 237 in _on_focus_change_event
  File "D:\a\yasb\yasb\venv\Lib\site-packages\qasync\__init__.py", line 404 in run_forever
  File "D:\a\yasb\yasb\venv\Lib\site-packages\qasync\__init__.py", line 428 in run_until_complete
  File "main.py", line 100 in main
  File "main.py", line 203 in <module>
  File "D:\a\yasb\yasb\venv\Lib\site-packages\freeze_core\initscripts\console.py", line 43 in run
  File "src/freeze_core/initscripts/__startup__.py", line 147 in run
Windows fatal exception: code 0x8007072c

Thread 0x000031c0 [SystemEventListener] (most recent call first):
  File "D:\a\yasb\yasb\src\core\utils\win32\event_listener.py", line 69 in run

Thread 0x000031c4 [WindowsNotificationEventListener] (most recent call first):
  File "C:\hostedtoolcache\windows\Python\3.14.6\x64\Lib\asyncio\windows_events.py", line 778 in _poll
  File "C:\hostedtoolcache\windows\Python\3.14.6\x64\Lib\asyncio\windows_events.py", line 446 in select
  File "C:\hostedtoolcache\windows\Python\3.14.6\x64\Lib\asyncio\base_events.py", line 2018 in _run_once
  File "C:\hostedtoolcache\windows\Python\3.14.6\x64\Lib\asyncio\base_events.py", line 677 in run_forever
  File "C:\hostedtoolcache\windows\Python\3.14.6\x64\Lib\asyncio\base_events.py", line 706 in run_until_complete
  File "D:\a\yasb\yasb\src\core\widgets\services\notifications\windows_notification.py", line 84 in run

Thread 0x000031bc [KomorebiEventListener] (most recent call first):
  File "C:\hostedtoolcache\windows\Python\3.14.6\x64\Lib\threading.py", line 373 in wait
  File "C:\hostedtoolcache\windows\Python\3.14.6\x64\Lib\threading.py", line 670 in wait
  File "D:\a\yasb\yasb\src\core\widgets\services\komorebi\event_listener.py", line 75 in run

Thread 0x000031cc [Thread-4] (most recent call first):
  File "C:\hostedtoolcache\windows\Python\3.14.6\x64\Lib\threading.py", line 369 in wait
  File "C:\hostedtoolcache\windows\Python\3.14.6\x64\Lib\queue.py", line 199 in get
  File "D:\a\yasb\yasb\venv\Lib\site-packages\watchdog\observers\api.py", line 379 in dispatch_events
  File "D:\a\yasb\yasb\venv\Lib\site-packages\watchdog\observers\api.py", line 213 in run
  File "C:\hostedtoolcache\windows\Python\3.14.6\x64\Lib\threading.py", line 1082 in _bootstrap_inner
  File "C:\hostedtoolcache\windows\Python\3.14.6\x64\Lib\threading.py", line 1044 in _bootstrap

Thread 0x000031c8 [Thread-5] (most recent call first):
  File "D:\a\yasb\yasb\venv\Lib\site-packages\watchdog\observers\winapi.py", line 326 in read_directory_changes
  File "D:\a\yasb\yasb\venv\Lib\site-packages\watchdog\observers\winapi.py", line 380 in read_events
  File "D:\a\yasb\yasb\venv\Lib\site-packages\watchdog\observers\read_directory_changes.py", line 67 in _read_events
  File "D:\a\yasb\yasb\venv\Lib\site-packages\watchdog\observers\read_directory_changes.py", line 70 in queue_events
  File "D:\a\yasb\yasb\venv\Lib\site-packages\watchdog\observers\api.py", line 158 in run
  File "C:\hostedtoolcache\windows\Python\3.14.6\x64\Lib\threading.py", line 1082 in _bootstrap_inner
  File "C:\hostedtoolcache\windows\Python\3.14.6\x64\Lib\threading.py", line 1044 in _bootstrap

Thread 0x00002db0 [MemoryWorker] (most recent call first):
  File "C:\hostedtoolcache\windows\Python\3.14.6\x64\Lib\threading.py", line 373 in wait
  File "C:\hostedtoolcache\windows\Python\3.14.6\x64\Lib\threading.py", line 670 in wait
  File "D:\a\yasb\yasb\src\core\widgets\services\memory\memory_api.py", line 247 in run

Thread 0x0000163c [CpuWorker] (most recent call first):
  File "C:\hostedtoolcache\windows\Python\3.14.6\x64\Lib\threading.py", line 373 in wait
  File "C:\hostedtoolcache\windows\Python\3.14.6\x64\Lib\threading.py", line 670 in wait
  File "D:\a\yasb\yasb\src\core\widgets\services\cpu\cpu_api.py", line 343 in run

Thread 0x00002e18 [_EventWorker] (most recent call first):
  File "D:\a\yasb\yasb\venv\Lib\site-packages\qasync\_windows.py", line 147 in _poll
  File "D:\a\yasb\yasb\venv\Lib\site-packages\qasync\_windows.py", line 72 in select
  File "D:\a\yasb\yasb\venv\Lib\site-packages\qasync\_windows.py", line 199 in run

Thread 0x00002b08 [LogPipeServer] (most recent call first):
  File "D:\a\yasb\yasb\src\core\utils\win32\bindings\kernel32.py", line 291 in ConnectNamedPipe
  File "D:\a\yasb\yasb\src\core\utils\cli_server.py", line 138 in _run_server
  File "C:\hostedtoolcache\windows\Python\3.14.6\x64\Lib\threading.py", line 1024 in run
  File "C:\hostedtoolcache\windows\Python\3.14.6\x64\Lib\threading.py", line 1082 in _bootstrap_inner
  File "C:\hostedtoolcache\windows\Python\3.14.6\x64\Lib\threading.py", line 1044 in _bootstrap

Thread 0x000028c0 [CLIPipeServer] (most recent call first):
  File "D:\a\yasb\yasb\src\core\utils\win32\bindings\kernel32.py", line 291 in ConnectNamedPipe
  File "D:\a\yasb\yasb\src\core\utils\cli_server.py", line 235 in _run_server
  File "C:\hostedtoolcache\windows\Python\3.14.6\x64\Lib\threading.py", line 1024 in run
  File "C:\hostedtoolcache\windows\Python\3.14.6\x64\Lib\threading.py", line 1082 in _bootstrap_inner
  File "C:\hostedtoolcache\windows\Python\3.14.6\x64\Lib\threading.py", line 1044 in _bootstrap

Current thread 0x00002c38 (most recent call first):
  File "D:\a\yasb\yasb\src\core\utils\win32\utils.py", line 200 in get_app_name_from_pid
  File "D:\a\yasb\yasb\src\core\widgets\yasb\active_window.py", line 337 in _update_window_title
  File "D:\a\yasb\yasb\src\core\widgets\yasb\active_window.py", line 237 in _on_focus_change_event
  File "D:\a\yasb\yasb\venv\Lib\site-packages\qasync\__init__.py", line 404 in run_forever
  File "D:\a\yasb\yasb\venv\Lib\site-packages\qasync\__init__.py", line 428 in run_until_complete
  File "main.py", line 100 in main
  File "main.py", line 203 in <module>
  File "D:\a\yasb\yasb\venv\Lib\site-packages\freeze_core\initscripts\console.py", line 43 in run
  File "src/freeze_core/initscripts/__startup__.py", line 147 in run
Windows fatal exception: code 0x8007072c

Thread 0x000031c0 [SystemEventListener] (most recent call first):
  File "D:\a\yasb\yasb\src\core\utils\win32\event_listener.py", line 69 in run

Thread 0x000031c4 [WindowsNotificationEventListener] (most recent call first):
  File "C:\hostedtoolcache\windows\Python\3.14.6\x64\Lib\asyncio\windows_events.py", line 778 in _poll
  File "C:\hostedtoolcache\windows\Python\3.14.6\x64\Lib\asyncio\windows_events.py", line 446 in select
  File "C:\hostedtoolcache\windows\Python\3.14.6\x64\Lib\asyncio\base_events.py", line 2018 in _run_once
  File "C:\hostedtoolcache\windows\Python\3.14.6\x64\Lib\asyncio\base_events.py", line 677 in run_forever
  File "C:\hostedtoolcache\windows\Python\3.14.6\x64\Lib\asyncio\base_events.py", line 706 in run_until_complete
  File "D:\a\yasb\yasb\src\core\widgets\services\notifications\windows_notification.py", line 84 in run

Thread 0x000031bc [KomorebiEventListener] (most recent call first):
  File "C:\hostedtoolcache\windows\Python\3.14.6\x64\Lib\threading.py", line 373 in wait
  File "C:\hostedtoolcache\windows\Python\3.14.6\x64\Lib\threading.py", line 670 in wait
  File "D:\a\yasb\yasb\src\core\widgets\services\komorebi\event_listener.py", line 75 in run

Thread 0x000031cc [Thread-4] (most recent call first):
  File "C:\hostedtoolcache\windows\Python\3.14.6\x64\Lib\threading.py", line 369 in wait
  File "C:\hostedtoolcache\windows\Python\3.14.6\x64\Lib\queue.py", line 199 in get
  File "D:\a\yasb\yasb\venv\Lib\site-packages\watchdog\observers\api.py", line 379 in dispatch_events
  File "D:\a\yasb\yasb\venv\Lib\site-packages\watchdog\observers\api.py", line 213 in run
  File "C:\hostedtoolcache\windows\Python\3.14.6\x64\Lib\threading.py", line 1082 in _bootstrap_inner
  File "C:\hostedtoolcache\windows\Python\3.14.6\x64\Lib\threading.py", line 1044 in _bootstrap

Thread 0x000031c8 [Thread-5] (most recent call first):
  File "D:\a\yasb\yasb\venv\Lib\site-packages\watchdog\observers\winapi.py", line 326 in read_directory_changes
  File "D:\a\yasb\yasb\venv\Lib\site-packages\watchdog\observers\winapi.py", line 380 in read_events
  File "D:\a\yasb\yasb\venv\Lib\site-packages\watchdog\observers\read_directory_changes.py", line 67 in _read_events
  File "D:\a\yasb\yasb\venv\Lib\site-packages\watchdog\observers\read_directory_changes.py", line 70 in queue_events
  File "D:\a\yasb\yasb\venv\Lib\site-packages\watchdog\observers\api.py", line 158 in run
  File "C:\hostedtoolcache\windows\Python\3.14.6\x64\Lib\threading.py", line 1082 in _bootstrap_inner
  File "C:\hostedtoolcache\windows\Python\3.14.6\x64\Lib\threading.py", line 1044 in _bootstrap

Thread 0x00002db0 [MemoryWorker] (most recent call first):
  File "C:\hostedtoolcache\windows\Python\3.14.6\x64\Lib\threading.py", line 373 in wait
  File "C:\hostedtoolcache\windows\Python\3.14.6\x64\Lib\threading.py", line 670 in wait
  File "D:\a\yasb\yasb\src\core\widgets\services\memory\memory_api.py", line 247 in run

Thread 0x0000163c [CpuWorker] (most recent call first):
  File "C:\hostedtoolcache\windows\Python\3.14.6\x64\Lib\threading.py", line 373 in wait
  File "C:\hostedtoolcache\windows\Python\3.14.6\x64\Lib\threading.py", line 670 in wait
  File "D:\a\yasb\yasb\src\core\widgets\services\cpu\cpu_api.py", line 343 in run

Thread 0x00002e18 [_EventWorker] (most recent call first):
  File "D:\a\yasb\yasb\venv\Lib\site-packages\qasync\_windows.py", line 147 in _poll
  File "D:\a\yasb\yasb\venv\Lib\site-packages\qasync\_windows.py", line 72 in select
  File "D:\a\yasb\yasb\venv\Lib\site-packages\qasync\_windows.py", line 199 in run

Thread 0x00002b08 [LogPipeServer] (most recent call first):
  File "D:\a\yasb\yasb\src\core\utils\win32\bindings\kernel32.py", line 291 in ConnectNamedPipe
  File "D:\a\yasb\yasb\src\core\utils\cli_server.py", line 138 in _run_server
  File "C:\hostedtoolcache\windows\Python\3.14.6\x64\Lib\threading.py", line 1024 in run
  File "C:\hostedtoolcache\windows\Python\3.14.6\x64\Lib\threading.py", line 1082 in _bootstrap_inner
  File "C:\hostedtoolcache\windows\Python\3.14.6\x64\Lib\threading.py", line 1044 in _bootstrap

Thread 0x000028c0 [CLIPipeServer] (most recent call first):
  File "D:\a\yasb\yasb\src\core\utils\win32\bindings\kernel32.py", line 291 in ConnectNamedPipe
  File "D:\a\yasb\yasb\src\core\utils\cli_server.py", line 235 in _run_server
  File "C:\hostedtoolcache\windows\Python\3.14.6\x64\Lib\threading.py", line 1024 in run
  File "C:\hostedtoolcache\windows\Python\3.14.6\x64\Lib\threading.py", line 1082 in _bootstrap_inner
  File "C:\hostedtoolcache\windows\Python\3.14.6\x64\Lib\threading.py", line 1044 in _bootstrap

Current thread 0x00002c38 (most recent call first):
  File "D:\a\yasb\yasb\src\core\utils\win32\utils.py", line 200 in get_app_name_from_pid
  File "D:\a\yasb\yasb\src\core\widgets\yasb\active_window.py", line 337 in _update_window_title
  File "D:\a\yasb\yasb\src\core\widgets\yasb\active_window.py", line 237 in _on_focus_change_event
  File "D:\a\yasb\yasb\venv\Lib\site-packages\qasync\__init__.py", line 404 in run_forever
  File "D:\a\yasb\yasb\venv\Lib\site-packages\qasync\__init__.py", line 428 in run_until_complete
  File "main.py", line 100 in main
  File "main.py", line 203 in <module>
  File "D:\a\yasb\yasb\venv\Lib\site-packages\freeze_core\initscripts\console.py", line 43 in run
  File "src/freeze_core/initscripts/__startup__.py", line 147 in run
Windows fatal exception: code 0x8007072c

Thread 0x000031c0 [SystemEventListener] (most recent call first):
  File "D:\a\yasb\yasb\src\core\utils\win32\event_listener.py", line 69 in run

Thread 0x000031c4 [WindowsNotificationEventListener] (most recent call first):
  File "C:\hostedtoolcache\windows\Python\3.14.6\x64\Lib\asyncio\windows_events.py", line 778 in _poll
  File "C:\hostedtoolcache\windows\Python\3.14.6\x64\Lib\asyncio\windows_events.py", line 446 in select
  File "C:\hostedtoolcache\windows\Python\3.14.6\x64\Lib\asyncio\base_events.py", line 2018 in _run_once
  File "C:\hostedtoolcache\windows\Python\3.14.6\x64\Lib\asyncio\base_events.py", line 677 in run_forever
  File "C:\hostedtoolcache\windows\Python\3.14.6\x64\Lib\asyncio\base_events.py", line 706 in run_until_complete
  File "D:\a\yasb\yasb\src\core\widgets\services\notifications\windows_notification.py", line 84 in run

Thread 0x000031bc [KomorebiEventListener] (most recent call first):
  File "C:\hostedtoolcache\windows\Python\3.14.6\x64\Lib\threading.py", line 373 in wait
  File "C:\hostedtoolcache\windows\Python\3.14.6\x64\Lib\threading.py", line 670 in wait
  File "D:\a\yasb\yasb\src\core\widgets\services\komorebi\event_listener.py", line 75 in run

Thread 0x000031cc [Thread-4] (most recent call first):
  File "C:\hostedtoolcache\windows\Python\3.14.6\x64\Lib\threading.py", line 369 in wait
  File "C:\hostedtoolcache\windows\Python\3.14.6\x64\Lib\queue.py", line 199 in get
  File "D:\a\yasb\yasb\venv\Lib\site-packages\watchdog\observers\api.py", line 379 in dispatch_events
  File "D:\a\yasb\yasb\venv\Lib\site-packages\watchdog\observers\api.py", line 213 in run
  File "C:\hostedtoolcache\windows\Python\3.14.6\x64\Lib\threading.py", line 1082 in _bootstrap_inner
  File "C:\hostedtoolcache\windows\Python\3.14.6\x64\Lib\threading.py", line 1044 in _bootstrap

Thread 0x000031c8 [Thread-5] (most recent call first):
  File "D:\a\yasb\yasb\venv\Lib\site-packages\watchdog\observers\winapi.py", line 326 in read_directory_changes
  File "D:\a\yasb\yasb\venv\Lib\site-packages\watchdog\observers\winapi.py", line 380 in read_events
  File "D:\a\yasb\yasb\venv\Lib\site-packages\watchdog\observers\read_directory_changes.py", line 67 in _read_events
  File "D:\a\yasb\yasb\venv\Lib\site-packages\watchdog\observers\read_directory_changes.py", line 70 in queue_events
  File "D:\a\yasb\yasb\venv\Lib\site-packages\watchdog\observers\api.py", line 158 in run
  File "C:\hostedtoolcache\windows\Python\3.14.6\x64\Lib\threading.py", line 1082 in _bootstrap_inner
  File "C:\hostedtoolcache\windows\Python\3.14.6\x64\Lib\threading.py", line 1044 in _bootstrap

Thread 0x00002db0 [MemoryWorker] (most recent call first):
  File "C:\hostedtoolcache\windows\Python\3.14.6\x64\Lib\threading.py", line 373 in wait
  File "C:\hostedtoolcache\windows\Python\3.14.6\x64\Lib\threading.py", line 670 in wait
  File "D:\a\yasb\yasb\src\core\widgets\services\memory\memory_api.py", line 247 in run

Thread 0x0000163c [CpuWorker] (most recent call first):
  File "C:\hostedtoolcache\windows\Python\3.14.6\x64\Lib\threading.py", line 373 in wait
  File "C:\hostedtoolcache\windows\Python\3.14.6\x64\Lib\threading.py", line 670 in wait
  File "D:\a\yasb\yasb\src\core\widgets\services\cpu\cpu_api.py", line 343 in run

Thread 0x00002e18 [_EventWorker] (most recent call first):
  File "D:\a\yasb\yasb\venv\Lib\site-packages\qasync\_windows.py", line 147 in _poll
  File "D:\a\yasb\yasb\venv\Lib\site-packages\qasync\_windows.py", line 72 in select
  File "D:\a\yasb\yasb\venv\Lib\site-packages\qasync\_windows.py", line 199 in run

Thread 0x00002b08 [LogPipeServer] (most recent call first):
  File "D:\a\yasb\yasb\src\core\utils\win32\bindings\kernel32.py", line 291 in ConnectNamedPipe
  File "D:\a\yasb\yasb\src\core\utils\cli_server.py", line 138 in _run_server
  File "C:\hostedtoolcache\windows\Python\3.14.6\x64\Lib\threading.py", line 1024 in run
  File "C:\hostedtoolcache\windows\Python\3.14.6\x64\Lib\threading.py", line 1082 in _bootstrap_inner
  File "C:\hostedtoolcache\windows\Python\3.14.6\x64\Lib\threading.py", line 1044 in _bootstrap

Thread 0x000028c0 [CLIPipeServer] (most recent call first):
  File "D:\a\yasb\yasb\src\core\utils\win32\bindings\kernel32.py", line 291 in ConnectNamedPipe
  File "D:\a\yasb\yasb\src\core\utils\cli_server.py", line 235 in _run_server
  File "C:\hostedtoolcache\windows\Python\3.14.6\x64\Lib\threading.py", line 1024 in run
  File "C:\hostedtoolcache\windows\Python\3.14.6\x64\Lib\threading.py", line 1082 in _bootstrap_inner
  File "C:\hostedtoolcache\windows\Python\3.14.6\x64\Lib\threading.py", line 1044 in _bootstrap

Current thread 0x00002c38 (most recent call first):
  File "D:\a\yasb\yasb\src\core\utils\win32\utils.py", line 207 in get_app_name_from_pid
  File "D:\a\yasb\yasb\src\core\widgets\yasb\active_window.py", line 337 in _update_window_title
  File "D:\a\yasb\yasb\src\core\widgets\yasb\active_window.py", line 237 in _on_focus_change_event
  File "D:\a\yasb\yasb\venv\Lib\site-packages\qasync\__init__.py", line 404 in run_forever
  File "D:\a\yasb\yasb\venv\Lib\site-packages\qasync\__init__.py", line 428 in run_until_complete
  File "main.py", line 100 in main
  File "main.py", line 203 in <module>
  File "D:\a\yasb\yasb\venv\Lib\site-packages\freeze_core\initscripts\console.py", line 43 in run
  File "src/freeze_core/initscripts/__startup__.py", line 147 in run
Windows fatal exception: code 0x8007072c

Thread 0x000031c0 [SystemEventListener] (most recent call first):
  File "D:\a\yasb\yasb\src\core\utils\win32\event_listener.py", line 69 in run

Thread 0x000031c4 [WindowsNotificationEventListener] (most recent call first):
  File "C:\hostedtoolcache\windows\Python\3.14.6\x64\Lib\asyncio\windows_events.py", line 778 in _poll
  File "C:\hostedtoolcache\windows\Python\3.14.6\x64\Lib\asyncio\windows_events.py", line 446 in select
  File "C:\hostedtoolcache\windows\Python\3.14.6\x64\Lib\asyncio\base_events.py", line 2018 in _run_once
  File "C:\hostedtoolcache\windows\Python\3.14.6\x64\Lib\asyncio\base_events.py", line 677 in run_forever
  File "C:\hostedtoolcache\windows\Python\3.14.6\x64\Lib\asyncio\base_events.py", line 706 in run_until_complete
  File "D:\a\yasb\yasb\src\core\widgets\services\notifications\windows_notification.py", line 84 in run

Thread 0x000031bc [KomorebiEventListener] (most recent call first):
  File "C:\hostedtoolcache\windows\Python\3.14.6\x64\Lib\threading.py", line 373 in wait
  File "C:\hostedtoolcache\windows\Python\3.14.6\x64\Lib\threading.py", line 670 in wait
  File "D:\a\yasb\yasb\src\core\widgets\services\komorebi\event_listener.py", line 75 in run

Thread 0x000031cc [Thread-4] (most recent call first):
  File "C:\hostedtoolcache\windows\Python\3.14.6\x64\Lib\threading.py", line 369 in wait
  File "C:\hostedtoolcache\windows\Python\3.14.6\x64\Lib\queue.py", line 199 in get
  File "D:\a\yasb\yasb\venv\Lib\site-packages\watchdog\observers\api.py", line 379 in dispatch_events
  File "D:\a\yasb\yasb\venv\Lib\site-packages\watchdog\observers\api.py", line 213 in run
  File "C:\hostedtoolcache\windows\Python\3.14.6\x64\Lib\threading.py", line 1082 in _bootstrap_inner
  File "C:\hostedtoolcache\windows\Python\3.14.6\x64\Lib\threading.py", line 1044 in _bootstrap

Thread 0x000031c8 [Thread-5] (most recent call first):
  File "D:\a\yasb\yasb\venv\Lib\site-packages\watchdog\observers\winapi.py", line 326 in read_directory_changes
  File "D:\a\yasb\yasb\venv\Lib\site-packages\watchdog\observers\winapi.py", line 380 in read_events
  File "D:\a\yasb\yasb\venv\Lib\site-packages\watchdog\observers\read_directory_changes.py", line 67 in _read_events
  File "D:\a\yasb\yasb\venv\Lib\site-packages\watchdog\observers\read_directory_changes.py", line 70 in queue_events
  File "D:\a\yasb\yasb\venv\Lib\site-packages\watchdog\observers\api.py", line 158 in run
  File "C:\hostedtoolcache\windows\Python\3.14.6\x64\Lib\threading.py", line 1082 in _bootstrap_inner
  File "C:\hostedtoolcache\windows\Python\3.14.6\x64\Lib\threading.py", line 1044 in _bootstrap

Thread 0x00002db0 [MemoryWorker] (most recent call first):
  File "C:\hostedtoolcache\windows\Python\3.14.6\x64\Lib\threading.py", line 373 in wait
  File "C:\hostedtoolcache\windows\Python\3.14.6\x64\Lib\threading.py", line 670 in wait
  File "D:\a\yasb\yasb\src\core\widgets\services\memory\memory_api.py", line 247 in run

Thread 0x0000163c [CpuWorker] (most recent call first):
  File "C:\hostedtoolcache\windows\Python\3.14.6\x64\Lib\threading.py", line 373 in wait
  File "C:\hostedtoolcache\windows\Python\3.14.6\x64\Lib\threading.py", line 670 in wait
  File "D:\a\yasb\yasb\src\core\widgets\services\cpu\cpu_api.py", line 343 in run

Thread 0x00002e18 [_EventWorker] (most recent call first):
  File "D:\a\yasb\yasb\venv\Lib\site-packages\qasync\_windows.py", line 147 in _poll
  File "D:\a\yasb\yasb\venv\Lib\site-packages\qasync\_windows.py", line 72 in select
  File "D:\a\yasb\yasb\venv\Lib\site-packages\qasync\_windows.py", line 199 in run

Thread 0x00002b08 [LogPipeServer] (most recent call first):
  File "D:\a\yasb\yasb\src\core\utils\win32\bindings\kernel32.py", line 291 in ConnectNamedPipe
  File "D:\a\yasb\yasb\src\core\utils\cli_server.py", line 138 in _run_server
  File "C:\hostedtoolcache\windows\Python\3.14.6\x64\Lib\threading.py", line 1024 in run
  File "C:\hostedtoolcache\windows\Python\3.14.6\x64\Lib\threading.py", line 1082 in _bootstrap_inner
  File "C:\hostedtoolcache\windows\Python\3.14.6\x64\Lib\threading.py", line 1044 in _bootstrap

Thread 0x000028c0 [CLIPipeServer] (most recent call first):
  File "D:\a\yasb\yasb\src\core\utils\win32\bindings\kernel32.py", line 291 in ConnectNamedPipe
  File "D:\a\yasb\yasb\src\core\utils\cli_server.py", line 235 in _run_server
  File "C:\hostedtoolcache\windows\Python\3.14.6\x64\Lib\threading.py", line 1024 in run
  File "C:\hostedtoolcache\windows\Python\3.14.6\x64\Lib\threading.py", line 1082 in _bootstrap_inner
  File "C:\hostedtoolcache\windows\Python\3.14.6\x64\Lib\threading.py", line 1044 in _bootstrap

Current thread 0x00002c38 (most recent call first):
  File "D:\a\yasb\yasb\src\core\utils\win32\utils.py", line 207 in get_app_name_from_pid
  File "D:\a\yasb\yasb\src\core\widgets\yasb\active_window.py", line 337 in _update_window_title
  File "D:\a\yasb\yasb\src\core\widgets\yasb\active_window.py", line 237 in _on_focus_change_event
  File "D:\a\yasb\yasb\venv\Lib\site-packages\qasync\__init__.py", line 404 in run_forever
  File "D:\a\yasb\yasb\venv\Lib\site-packages\qasync\__init__.py", line 428 in run_until_complete
  File "main.py", line 100 in main
  File "main.py", line 203 in <module>
  File "D:\a\yasb\yasb\venv\Lib\site-packages\freeze_core\initscripts\console.py", line 43 in run
  File "src/freeze_core/initscripts/__startup__.py", line 147 in run
Windows fatal exception: code 0x8007072c

Thread 0x000031c0 [SystemEventListener] (most recent call first):
  File "D:\a\yasb\yasb\src\core\utils\win32\event_listener.py", line 69 in run

Thread 0x000031c4 [WindowsNotificationEventListener] (most recent call first):
  File "C:\hostedtoolcache\windows\Python\3.14.6\x64\Lib\asyncio\windows_events.py", line 778 in _poll
  File "C:\hostedtoolcache\windows\Python\3.14.6\x64\Lib\asyncio\windows_events.py", line 446 in select
  File "C:\hostedtoolcache\windows\Python\3.14.6\x64\Lib\asyncio\base_events.py", line 2018 in _run_once
  File "C:\hostedtoolcache\windows\Python\3.14.6\x64\Lib\asyncio\base_events.py", line 677 in run_forever
  File "C:\hostedtoolcache\windows\Python\3.14.6\x64\Lib\asyncio\base_events.py", line 706 in run_until_complete
  File "D:\a\yasb\yasb\src\core\widgets\services\notifications\windows_notification.py", line 84 in run

Thread 0x000031bc [KomorebiEventListener] (most recent call first):
  File "C:\hostedtoolcache\windows\Python\3.14.6\x64\Lib\threading.py", line 373 in wait
  File "C:\hostedtoolcache\windows\Python\3.14.6\x64\Lib\threading.py", line 670 in wait
  File "D:\a\yasb\yasb\src\core\widgets\services\komorebi\event_listener.py", line 75 in run

Thread 0x000031cc [Thread-4] (most recent call first):
  File "C:\hostedtoolcache\windows\Python\3.14.6\x64\Lib\threading.py", line 369 in wait
  File "C:\hostedtoolcache\windows\Python\3.14.6\x64\Lib\queue.py", line 199 in get
  File "D:\a\yasb\yasb\venv\Lib\site-packages\watchdog\observers\api.py", line 379 in dispatch_events
  File "D:\a\yasb\yasb\venv\Lib\site-packages\watchdog\observers\api.py", line 213 in run
  File "C:\hostedtoolcache\windows\Python\3.14.6\x64\Lib\threading.py", line 1082 in _bootstrap_inner
  File "C:\hostedtoolcache\windows\Python\3.14.6\x64\Lib\threading.py", line 1044 in _bootstrap

Thread 0x000031c8 [Thread-5] (most recent call first):
  File "D:\a\yasb\yasb\venv\Lib\site-packages\watchdog\observers\winapi.py", line 326 in read_directory_changes
  File "D:\a\yasb\yasb\venv\Lib\site-packages\watchdog\observers\winapi.py", line 380 in read_events
  File "D:\a\yasb\yasb\venv\Lib\site-packages\watchdog\observers\read_directory_changes.py", line 67 in _read_events
  File "D:\a\yasb\yasb\venv\Lib\site-packages\watchdog\observers\read_directory_changes.py", line 70 in queue_events
  File "D:\a\yasb\yasb\venv\Lib\site-packages\watchdog\observers\api.py", line 158 in run
  File "C:\hostedtoolcache\windows\Python\3.14.6\x64\Lib\threading.py", line 1082 in _bootstrap_inner
  File "C:\hostedtoolcache\windows\Python\3.14.6\x64\Lib\threading.py", line 1044 in _bootstrap

Thread 0x00002db0 [MemoryWorker] (most recent call first):
  File "C:\hostedtoolcache\windows\Python\3.14.6\x64\Lib\threading.py", line 373 in wait
  File "C:\hostedtoolcache\windows\Python\3.14.6\x64\Lib\threading.py", line 670 in wait
  File "D:\a\yasb\yasb\src\core\widgets\services\memory\memory_api.py", line 247 in run

Thread 0x0000163c [CpuWorker] (most recent call first):
  File "C:\hostedtoolcache\windows\Python\3.14.6\x64\Lib\threading.py", line 373 in wait
  File "C:\hostedtoolcache\windows\Python\3.14.6\x64\Lib\threading.py", line 670 in wait
  File "D:\a\yasb\yasb\src\core\widgets\services\cpu\cpu_api.py", line 343 in run

Thread 0x00002e18 [_EventWorker] (most recent call first):
  File "D:\a\yasb\yasb\venv\Lib\site-packages\qasync\_windows.py", line 147 in _poll
  File "D:\a\yasb\yasb\venv\Lib\site-packages\qasync\_windows.py", line 72 in select
  File "D:\a\yasb\yasb\venv\Lib\site-packages\qasync\_windows.py", line 199 in run

Thread 0x00002b08 [LogPipeServer] (most recent call first):
  File "D:\a\yasb\yasb\src\core\utils\win32\bindings\kernel32.py", line 291 in ConnectNamedPipe
  File "D:\a\yasb\yasb\src\core\utils\cli_server.py", line 138 in _run_server
  File "C:\hostedtoolcache\windows\Python\3.14.6\x64\Lib\threading.py", line 1024 in run
  File "C:\hostedtoolcache\windows\Python\3.14.6\x64\Lib\threading.py", line 1082 in _bootstrap_inner
  File "C:\hostedtoolcache\windows\Python\3.14.6\x64\Lib\threading.py", line 1044 in _bootstrap

Thread 0x000028c0 [CLIPipeServer] (most recent call first):
  File "D:\a\yasb\yasb\src\core\utils\win32\bindings\kernel32.py", line 291 in ConnectNamedPipe
  File "D:\a\yasb\yasb\src\core\utils\cli_server.py", line 235 in _run_server
  File "C:\hostedtoolcache\windows\Python\3.14.6\x64\Lib\threading.py", line 1024 in run
  File "C:\hostedtoolcache\windows\Python\3.14.6\x64\Lib\threading.py", line 1082 in _bootstrap_inner
  File "C:\hostedtoolcache\windows\Python\3.14.6\x64\Lib\threading.py", line 1044 in _bootstrap

Current thread 0x00002c38 (most recent call first):
  File "D:\a\yasb\yasb\src\core\utils\win32\utils.py", line 220 in get_app_name_from_pid
  File "D:\a\yasb\yasb\src\core\widgets\yasb\active_window.py", line 337 in _update_window_title
  File "D:\a\yasb\yasb\src\core\widgets\yasb\active_window.py", line 237 in _on_focus_change_event
  File "D:\a\yasb\yasb\venv\Lib\site-packages\qasync\__init__.py", line 404 in run_forever
  File "D:\a\yasb\yasb\venv\Lib\site-packages\qasync\__init__.py", line 428 in run_until_complete
  File "main.py", line 100 in main
  File "main.py", line 203 in <module>
  File "D:\a\yasb\yasb\venv\Lib\site-packages\freeze_core\initscripts\console.py", line 43 in run
  File "src/freeze_core/initscripts/__startup__.py", line 147 in run
Windows fatal exception: code 0x8007072c

Thread 0x000031c0 [SystemEventListener] (most recent call first):
  File "D:\a\yasb\yasb\src\core\utils\win32\event_listener.py", line 69 in run

Thread 0x000031c4 [WindowsNotificationEventListener] (most recent call first):
  File "C:\hostedtoolcache\windows\Python\3.14.6\x64\Lib\asyncio\windows_events.py", line 778 in _poll
  File "C:\hostedtoolcache\windows\Python\3.14.6\x64\Lib\asyncio\windows_events.py", line 446 in select
  File "C:\hostedtoolcache\windows\Python\3.14.6\x64\Lib\asyncio\base_events.py", line 2018 in _run_once
  File "C:\hostedtoolcache\windows\Python\3.14.6\x64\Lib\asyncio\base_events.py", line 677 in run_forever
  File "C:\hostedtoolcache\windows\Python\3.14.6\x64\Lib\asyncio\base_events.py", line 706 in run_until_complete
  File "D:\a\yasb\yasb\src\core\widgets\services\notifications\windows_notification.py", line 84 in run

Thread 0x000031bc [KomorebiEventListener] (most recent call first):
  File "C:\hostedtoolcache\windows\Python\3.14.6\x64\Lib\threading.py", line 373 in wait
  File "C:\hostedtoolcache\windows\Python\3.14.6\x64\Lib\threading.py", line 670 in wait
  File "D:\a\yasb\yasb\src\core\widgets\services\komorebi\event_listener.py", line 75 in run

Thread 0x000031cc [Thread-4] (most recent call first):
  File "C:\hostedtoolcache\windows\Python\3.14.6\x64\Lib\threading.py", line 369 in wait
  File "C:\hostedtoolcache\windows\Python\3.14.6\x64\Lib\queue.py", line 199 in get
  File "D:\a\yasb\yasb\venv\Lib\site-packages\watchdog\observers\api.py", line 379 in dispatch_events
  File "D:\a\yasb\yasb\venv\Lib\site-packages\watchdog\observers\api.py", line 213 in run
  File "C:\hostedtoolcache\windows\Python\3.14.6\x64\Lib\threading.py", line 1082 in _bootstrap_inner
  File "C:\hostedtoolcache\windows\Python\3.14.6\x64\Lib\threading.py", line 1044 in _bootstrap

Thread 0x000031c8 [Thread-5] (most recent call first):
  File "D:\a\yasb\yasb\venv\Lib\site-packages\watchdog\observers\winapi.py", line 326 in read_directory_changes
  File "D:\a\yasb\yasb\venv\Lib\site-packages\watchdog\observers\winapi.py", line 380 in read_events
  File "D:\a\yasb\yasb\venv\Lib\site-packages\watchdog\observers\read_directory_changes.py", line 67 in _read_events
  File "D:\a\yasb\yasb\venv\Lib\site-packages\watchdog\observers\read_directory_changes.py", line 70 in queue_events
  File "D:\a\yasb\yasb\venv\Lib\site-packages\watchdog\observers\api.py", line 158 in run
  File "C:\hostedtoolcache\windows\Python\3.14.6\x64\Lib\threading.py", line 1082 in _bootstrap_inner
  File "C:\hostedtoolcache\windows\Python\3.14.6\x64\Lib\threading.py", line 1044 in _bootstrap

Thread 0x00002db0 [MemoryWorker] (most recent call first):
  File "C:\hostedtoolcache\windows\Python\3.14.6\x64\Lib\threading.py", line 373 in wait
  File "C:\hostedtoolcache\windows\Python\3.14.6\x64\Lib\threading.py", line 670 in wait
  File "D:\a\yasb\yasb\src\core\widgets\services\memory\memory_api.py", line 247 in run

Thread 0x0000163c [CpuWorker] (most recent call first):
  File "C:\hostedtoolcache\windows\Python\3.14.6\x64\Lib\threading.py", line 373 in wait
  File "C:\hostedtoolcache\windows\Python\3.14.6\x64\Lib\threading.py", line 670 in wait
  File "D:\a\yasb\yasb\src\core\widgets\services\cpu\cpu_api.py", line 343 in run

Thread 0x00002e18 [_EventWorker] (most recent call first):
  File "D:\a\yasb\yasb\venv\Lib\site-packages\qasync\_windows.py", line 147 in _poll
  File "D:\a\yasb\yasb\venv\Lib\site-packages\qasync\_windows.py", line 72 in select
  File "D:\a\yasb\yasb\venv\Lib\site-packages\qasync\_windows.py", line 199 in run

Thread 0x00002b08 [LogPipeServer] (most recent call first):
  File "D:\a\yasb\yasb\src\core\utils\win32\bindings\kernel32.py", line 291 in ConnectNamedPipe
  File "D:\a\yasb\yasb\src\core\utils\cli_server.py", line 138 in _run_server
  File "C:\hostedtoolcache\windows\Python\3.14.6\x64\Lib\threading.py", line 1024 in run
  File "C:\hostedtoolcache\windows\Python\3.14.6\x64\Lib\threading.py", line 1082 in _bootstrap_inner
  File "C:\hostedtoolcache\windows\Python\3.14.6\x64\Lib\threading.py", line 1044 in _bootstrap

Thread 0x000028c0 [CLIPipeServer] (most recent call first):
  File "D:\a\yasb\yasb\src\core\utils\win32\bindings\kernel32.py", line 291 in ConnectNamedPipe
  File "D:\a\yasb\yasb\src\core\utils\cli_server.py", line 235 in _run_server
  File "C:\hostedtoolcache\windows\Python\3.14.6\x64\Lib\threading.py", line 1024 in run
  File "C:\hostedtoolcache\windows\Python\3.14.6\x64\Lib\threading.py", line 1082 in _bootstrap_inner
  File "C:\hostedtoolcache\windows\Python\3.14.6\x64\Lib\threading.py", line 1044 in _bootstrap

Current thread 0x00002c38 (most recent call first):
  File "D:\a\yasb\yasb\src\core\utils\win32\utils.py", line 220 in get_app_name_from_pid
  File "D:\a\yasb\yasb\src\core\widgets\yasb\active_window.py", line 337 in _update_window_title
  File "D:\a\yasb\yasb\src\core\widgets\yasb\active_window.py", line 237 in _on_focus_change_event
  File "D:\a\yasb\yasb\venv\Lib\site-packages\qasync\__init__.py", line 404 in run_forever
  File "D:\a\yasb\yasb\venv\Lib\site-packages\qasync\__init__.py", line 428 in run_until_complete
  File "main.py", line 100 in main
  File "main.py", line 203 in <module>
  File "D:\a\yasb\yasb\venv\Lib\site-packages\freeze_core\initscripts\console.py", line 43 in run
  File "src/freeze_core/initscripts/__startup__.py", line 147 in run
Windows fatal exception: code 0x8007072c

Thread 0x000031c0 [SystemEventListener] (most recent call first):
  File "D:\a\yasb\yasb\src\core\utils\win32\event_listener.py", line 69 in run

Thread 0x000031c4 [WindowsNotificationEventListener] (most recent call first):
  File "C:\hostedtoolcache\windows\Python\3.14.6\x64\Lib\asyncio\windows_events.py", line 778 in _poll
  File "C:\hostedtoolcache\windows\Python\3.14.6\x64\Lib\asyncio\windows_events.py", line 446 in select
  File "C:\hostedtoolcache\windows\Python\3.14.6\x64\Lib\asyncio\base_events.py", line 2018 in _run_once
  File "C:\hostedtoolcache\windows\Python\3.14.6\x64\Lib\asyncio\base_events.py", line 677 in run_forever
  File "C:\hostedtoolcache\windows\Python\3.14.6\x64\Lib\asyncio\base_events.py", line 706 in run_until_complete
  File "D:\a\yasb\yasb\src\core\widgets\services\notifications\windows_notification.py", line 84 in run

Thread 0x000031bc [KomorebiEventListener] (most recent call first):
  File "C:\hostedtoolcache\windows\Python\3.14.6\x64\Lib\threading.py", line 373 in wait
  File "C:\hostedtoolcache\windows\Python\3.14.6\x64\Lib\threading.py", line 670 in wait
  File "D:\a\yasb\yasb\src\core\widgets\services\komorebi\event_listener.py", line 75 in run

Thread 0x000031cc [Thread-4] (most recent call first):
  File "C:\hostedtoolcache\windows\Python\3.14.6\x64\Lib\threading.py", line 369 in wait
  File "C:\hostedtoolcache\windows\Python\3.14.6\x64\Lib\queue.py", line 199 in get
  File "D:\a\yasb\yasb\venv\Lib\site-packages\watchdog\observers\api.py", line 379 in dispatch_events
  File "D:\a\yasb\yasb\venv\Lib\site-packages\watchdog\observers\api.py", line 213 in run
  File "C:\hostedtoolcache\windows\Python\3.14.6\x64\Lib\threading.py", line 1082 in _bootstrap_inner
  File "C:\hostedtoolcache\windows\Python\3.14.6\x64\Lib\threading.py", line 1044 in _bootstrap

Thread 0x000031c8 [Thread-5] (most recent call first):
  File "D:\a\yasb\yasb\venv\Lib\site-packages\watchdog\observers\winapi.py", line 326 in read_directory_changes
  File "D:\a\yasb\yasb\venv\Lib\site-packages\watchdog\observers\winapi.py", line 380 in read_events
  File "D:\a\yasb\yasb\venv\Lib\site-packages\watchdog\observers\read_directory_changes.py", line 67 in _read_events
  File "D:\a\yasb\yasb\venv\Lib\site-packages\watchdog\observers\read_directory_changes.py", line 70 in queue_events
  File "D:\a\yasb\yasb\venv\Lib\site-packages\watchdog\observers\api.py", line 158 in run
  File "C:\hostedtoolcache\windows\Python\3.14.6\x64\Lib\threading.py", line 1082 in _bootstrap_inner
  File "C:\hostedtoolcache\windows\Python\3.14.6\x64\Lib\threading.py", line 1044 in _bootstrap

Thread 0x00002db0 [MemoryWorker] (most recent call first):
  File "C:\hostedtoolcache\windows\Python\3.14.6\x64\Lib\threading.py", line 373 in wait
  File "C:\hostedtoolcache\windows\Python\3.14.6\x64\Lib\threading.py", line 670 in wait
  File "D:\a\yasb\yasb\src\core\widgets\services\memory\memory_api.py", line 247 in run

Thread 0x0000163c [CpuWorker] (most recent call first):
  File "C:\hostedtoolcache\windows\Python\3.14.6\x64\Lib\threading.py", line 373 in wait
  File "C:\hostedtoolcache\windows\Python\3.14.6\x64\Lib\threading.py", line 670 in wait
  File "D:\a\yasb\yasb\src\core\widgets\services\cpu\cpu_api.py", line 343 in run

Thread 0x00002e18 [_EventWorker] (most recent call first):
  File "D:\a\yasb\yasb\venv\Lib\site-packages\qasync\_windows.py", line 147 in _poll
  File "D:\a\yasb\yasb\venv\Lib\site-packages\qasync\_windows.py", line 72 in select
  File "D:\a\yasb\yasb\venv\Lib\site-packages\qasync\_windows.py", line 199 in run

Thread 0x00002b08 [LogPipeServer] (most recent call first):
  File "D:\a\yasb\yasb\src\core\utils\win32\bindings\kernel32.py", line 291 in ConnectNamedPipe
  File "D:\a\yasb\yasb\src\core\utils\cli_server.py", line 138 in _run_server
  File "C:\hostedtoolcache\windows\Python\3.14.6\x64\Lib\threading.py", line 1024 in run
  File "C:\hostedtoolcache\windows\Python\3.14.6\x64\Lib\threading.py", line 1082 in _bootstrap_inner
  File "C:\hostedtoolcache\windows\Python\3.14.6\x64\Lib\threading.py", line 1044 in _bootstrap

Thread 0x000028c0 [CLIPipeServer] (most recent call first):
  File "D:\a\yasb\yasb\src\core\utils\win32\bindings\kernel32.py", line 291 in ConnectNamedPipe
  File "D:\a\yasb\yasb\src\core\utils\cli_server.py", line 235 in _run_server
  File "C:\hostedtoolcache\windows\Python\3.14.6\x64\Lib\threading.py", line 1024 in run
  File "C:\hostedtoolcache\windows\Python\3.14.6\x64\Lib\threading.py", line 1082 in _bootstrap_inner
  File "C:\hostedtoolcache\windows\Python\3.14.6\x64\Lib\threading.py", line 1044 in _bootstrap

Current thread 0x00002c38 (most recent call first):
  File "D:\a\yasb\yasb\src\core\utils\win32\utils.py", line 228 in get_app_name_from_pid
  File "D:\a\yasb\yasb\src\core\widgets\yasb\active_window.py", line 337 in _update_window_title
  File "D:\a\yasb\yasb\src\core\widgets\yasb\active_window.py", line 237 in _on_focus_change_event
  File "D:\a\yasb\yasb\venv\Lib\site-packages\qasync\__init__.py", line 404 in run_forever
  File "D:\a\yasb\yasb\venv\Lib\site-packages\qasync\__init__.py", line 428 in run_until_complete
  File "main.py", line 100 in main
  File "main.py", line 203 in <module>
  File "D:\a\yasb\yasb\venv\Lib\site-packages\freeze_core\initscripts\console.py", line 43 in run
  File "src/freeze_core/initscripts/__startup__.py", line 147 in run
Windows fatal exception: code 0x8007072c

Thread 0x000031c0 [SystemEventListener] (most recent call first):
  File "D:\a\yasb\yasb\src\core\utils\win32\event_listener.py", line 69 in run

Thread 0x000031c4 [WindowsNotificationEventListener] (most recent call first):
  File "C:\hostedtoolcache\windows\Python\3.14.6\x64\Lib\asyncio\windows_events.py", line 778 in _poll
  File "C:\hostedtoolcache\windows\Python\3.14.6\x64\Lib\asyncio\windows_events.py", line 446 in select
  File "C:\hostedtoolcache\windows\Python\3.14.6\x64\Lib\asyncio\base_events.py", line 2018 in _run_once
  File "C:\hostedtoolcache\windows\Python\3.14.6\x64\Lib\asyncio\base_events.py", line 677 in run_forever
  File "C:\hostedtoolcache\windows\Python\3.14.6\x64\Lib\asyncio\base_events.py", line 706 in run_until_complete
  File "D:\a\yasb\yasb\src\core\widgets\services\notifications\windows_notification.py", line 84 in run

Thread 0x000031bc [KomorebiEventListener] (most recent call first):
  File "C:\hostedtoolcache\windows\Python\3.14.6\x64\Lib\threading.py", line 373 in wait
  File "C:\hostedtoolcache\windows\Python\3.14.6\x64\Lib\threading.py", line 670 in wait
  File "D:\a\yasb\yasb\src\core\widgets\services\komorebi\event_listener.py", line 75 in run

Thread 0x000031cc [Thread-4] (most recent call first):
  File "C:\hostedtoolcache\windows\Python\3.14.6\x64\Lib\threading.py", line 369 in wait
  File "C:\hostedtoolcache\windows\Python\3.14.6\x64\Lib\queue.py", line 199 in get
  File "D:\a\yasb\yasb\venv\Lib\site-packages\watchdog\observers\api.py", line 379 in dispatch_events
  File "D:\a\yasb\yasb\venv\Lib\site-packages\watchdog\observers\api.py", line 213 in run
  File "C:\hostedtoolcache\windows\Python\3.14.6\x64\Lib\threading.py", line 1082 in _bootstrap_inner
  File "C:\hostedtoolcache\windows\Python\3.14.6\x64\Lib\threading.py", line 1044 in _bootstrap

Thread 0x000031c8 [Thread-5] (most recent call first):
  File "D:\a\yasb\yasb\venv\Lib\site-packages\watchdog\observers\winapi.py", line 326 in read_directory_changes
  File "D:\a\yasb\yasb\venv\Lib\site-packages\watchdog\observers\winapi.py", line 380 in read_events
  File "D:\a\yasb\yasb\venv\Lib\site-packages\watchdog\observers\read_directory_changes.py", line 67 in _read_events
  File "D:\a\yasb\yasb\venv\Lib\site-packages\watchdog\observers\read_directory_changes.py", line 70 in queue_events
  File "D:\a\yasb\yasb\venv\Lib\site-packages\watchdog\observers\api.py", line 158 in run
  File "C:\hostedtoolcache\windows\Python\3.14.6\x64\Lib\threading.py", line 1082 in _bootstrap_inner
  File "C:\hostedtoolcache\windows\Python\3.14.6\x64\Lib\threading.py", line 1044 in _bootstrap

Thread 0x00002db0 [MemoryWorker] (most recent call first):
  File "C:\hostedtoolcache\windows\Python\3.14.6\x64\Lib\threading.py", line 373 in wait
  File "C:\hostedtoolcache\windows\Python\3.14.6\x64\Lib\threading.py", line 670 in wait
  File "D:\a\yasb\yasb\src\core\widgets\services\memory\memory_api.py", line 247 in run

Thread 0x0000163c [CpuWorker] (most recent call first):
  File "C:\hostedtoolcache\windows\Python\3.14.6\x64\Lib\threading.py", line 373 in wait
  File "C:\hostedtoolcache\windows\Python\3.14.6\x64\Lib\threading.py", line 670 in wait
  File "D:\a\yasb\yasb\src\core\widgets\services\cpu\cpu_api.py", line 343 in run

Thread 0x00002e18 [_EventWorker] (most recent call first):
  File "D:\a\yasb\yasb\venv\Lib\site-packages\qasync\_windows.py", line 147 in _poll
  File "D:\a\yasb\yasb\venv\Lib\site-packages\qasync\_windows.py", line 72 in select
  File "D:\a\yasb\yasb\venv\Lib\site-packages\qasync\_windows.py", line 199 in run

Thread 0x00002b08 [LogPipeServer] (most recent call first):
  File "D:\a\yasb\yasb\src\core\utils\win32\bindings\kernel32.py", line 291 in ConnectNamedPipe
  File "D:\a\yasb\yasb\src\core\utils\cli_server.py", line 138 in _run_server
  File "C:\hostedtoolcache\windows\Python\3.14.6\x64\Lib\threading.py", line 1024 in run
  File "C:\hostedtoolcache\windows\Python\3.14.6\x64\Lib\threading.py", line 1082 in _bootstrap_inner
  File "C:\hostedtoolcache\windows\Python\3.14.6\x64\Lib\threading.py", line 1044 in _bootstrap

Thread 0x000028c0 [CLIPipeServer] (most recent call first):
  File "D:\a\yasb\yasb\src\core\utils\win32\bindings\kernel32.py", line 291 in ConnectNamedPipe
  File "D:\a\yasb\yasb\src\core\utils\cli_server.py", line 235 in _run_server
  File "C:\hostedtoolcache\windows\Python\3.14.6\x64\Lib\threading.py", line 1024 in run
  File "C:\hostedtoolcache\windows\Python\3.14.6\x64\Lib\threading.py", line 1082 in _bootstrap_inner
  File "C:\hostedtoolcache\windows\Python\3.14.6\x64\Lib\threading.py", line 1044 in _bootstrap

Current thread 0x00002c38 (most recent call first):
  File "D:\a\yasb\yasb\src\core\utils\win32\utils.py", line 228 in get_app_name_from_pid
  File "D:\a\yasb\yasb\src\core\widgets\yasb\active_window.py", line 337 in _update_window_title
  File "D:\a\yasb\yasb\src\core\widgets\yasb\active_window.py", line 237 in _on_focus_change_event
  File "D:\a\yasb\yasb\venv\Lib\site-packages\qasync\__init__.py", line 404 in run_forever
  File "D:\a\yasb\yasb\venv\Lib\site-packages\qasync\__init__.py", line 428 in run_until_complete
  File "main.py", line 100 in main
  File "main.py", line 203 in <module>
  File "D:\a\yasb\yasb\venv\Lib\site-packages\freeze_core\initscripts\console.py", line 43 in run
  File "src/freeze_core/initscripts/__startup__.py", line 147 in run
Windows fatal exception: code 0x8007072c

Thread 0x000031c0 [SystemEventListener] (most recent call first):
  File "D:\a\yasb\yasb\src\core\utils\win32\event_listener.py", line 69 in run

Thread 0x000031c4 [WindowsNotificationEventListener] (most recent call first):
  File "C:\hostedtoolcache\windows\Python\3.14.6\x64\Lib\asyncio\windows_events.py", line 778 in _poll
  File "C:\hostedtoolcache\windows\Python\3.14.6\x64\Lib\asyncio\windows_events.py", line 446 in select
  File "C:\hostedtoolcache\windows\Python\3.14.6\x64\Lib\asyncio\base_events.py", line 2018 in _run_once
  File "C:\hostedtoolcache\windows\Python\3.14.6\x64\Lib\asyncio\base_events.py", line 677 in run_forever
  File "C:\hostedtoolcache\windows\Python\3.14.6\x64\Lib\asyncio\base_events.py", line 706 in run_until_complete
  File "D:\a\yasb\yasb\src\core\widgets\services\notifications\windows_notification.py", line 84 in run

Thread 0x000031bc [KomorebiEventListener] (most recent call first):
  File "C:\hostedtoolcache\windows\Python\3.14.6\x64\Lib\threading.py", line 373 in wait
  File "C:\hostedtoolcache\windows\Python\3.14.6\x64\Lib\threading.py", line 670 in wait
  File "D:\a\yasb\yasb\src\core\widgets\services\komorebi\event_listener.py", line 75 in run

Thread 0x000031cc [Thread-4] (most recent call first):
  File "C:\hostedtoolcache\windows\Python\3.14.6\x64\Lib\threading.py", line 369 in wait
  File "C:\hostedtoolcache\windows\Python\3.14.6\x64\Lib\queue.py", line 199 in get
  File "D:\a\yasb\yasb\venv\Lib\site-packages\watchdog\observers\api.py", line 379 in dispatch_events
  File "D:\a\yasb\yasb\venv\Lib\site-packages\watchdog\observers\api.py", line 213 in run
  File "C:\hostedtoolcache\windows\Python\3.14.6\x64\Lib\threading.py", line 1082 in _bootstrap_inner
  File "C:\hostedtoolcache\windows\Python\3.14.6\x64\Lib\threading.py", line 1044 in _bootstrap

Thread 0x000031c8 [Thread-5] (most recent call first):
  File "D:\a\yasb\yasb\venv\Lib\site-packages\watchdog\observers\winapi.py", line 326 in read_directory_changes
  File "D:\a\yasb\yasb\venv\Lib\site-packages\watchdog\observers\winapi.py", line 380 in read_events
  File "D:\a\yasb\yasb\venv\Lib\site-packages\watchdog\observers\read_directory_changes.py", line 67 in _read_events
  File "D:\a\yasb\yasb\venv\Lib\site-packages\watchdog\observers\read_directory_changes.py", line 70 in queue_events
  File "D:\a\yasb\yasb\venv\Lib\site-packages\watchdog\observers\api.py", line 158 in run
  File "C:\hostedtoolcache\windows\Python\3.14.6\x64\Lib\threading.py", line 1082 in _bootstrap_inner
  File "C:\hostedtoolcache\windows\Python\3.14.6\x64\Lib\threading.py", line 1044 in _bootstrap

Thread 0x00002db0 [MemoryWorker] (most recent call first):
  File "C:\hostedtoolcache\windows\Python\3.14.6\x64\Lib\threading.py", line 373 in wait
  File "C:\hostedtoolcache\windows\Python\3.14.6\x64\Lib\threading.py", line 670 in wait
  File "D:\a\yasb\yasb\src\core\widgets\services\memory\memory_api.py", line 247 in run

Thread 0x0000163c [CpuWorker] (most recent call first):
  File "C:\hostedtoolcache\windows\Python\3.14.6\x64\Lib\threading.py", line 373 in wait
  File "C:\hostedtoolcache\windows\Python\3.14.6\x64\Lib\threading.py", line 670 in wait
  File "D:\a\yasb\yasb\src\core\widgets\services\cpu\cpu_api.py", line 343 in run

Thread 0x00002e18 [_EventWorker] (most recent call first):
  File "D:\a\yasb\yasb\venv\Lib\site-packages\qasync\_windows.py", line 147 in _poll
  File "D:\a\yasb\yasb\venv\Lib\site-packages\qasync\_windows.py", line 72 in select
  File "D:\a\yasb\yasb\venv\Lib\site-packages\qasync\_windows.py", line 199 in run

Thread 0x00002b08 [LogPipeServer] (most recent call first):
  File "D:\a\yasb\yasb\src\core\utils\win32\bindings\kernel32.py", line 291 in ConnectNamedPipe
  File "D:\a\yasb\yasb\src\core\utils\cli_server.py", line 138 in _run_server
  File "C:\hostedtoolcache\windows\Python\3.14.6\x64\Lib\threading.py", line 1024 in run
  File "C:\hostedtoolcache\windows\Python\3.14.6\x64\Lib\threading.py", line 1082 in _bootstrap_inner
  File "C:\hostedtoolcache\windows\Python\3.14.6\x64\Lib\threading.py", line 1044 in _bootstrap

Thread 0x000028c0 [CLIPipeServer] (most recent call first):
  File "D:\a\yasb\yasb\src\core\utils\win32\bindings\kernel32.py", line 291 in ConnectNamedPipe
  File "D:\a\yasb\yasb\src\core\utils\cli_server.py", line 235 in _run_server
  File "C:\hostedtoolcache\windows\Python\3.14.6\x64\Lib\threading.py", line 1024 in run
  File "C:\hostedtoolcache\windows\Python\3.14.6\x64\Lib\threading.py", line 1082 in _bootstrap_inner
  File "C:\hostedtoolcache\windows\Python\3.14.6\x64\Lib\threading.py", line 1044 in _bootstrap

Thread 0x00002c38 (most recent call first):
  File "D:\a\yasb\yasb\src\core\utils\win32\aumid_icons.py", line 122 in get_icon_for_aumid
  File "D:\a\yasb\yasb\src\core\utils\win32\app_icons.py", line 134 in get_window_icon
  File "D:\a\yasb\yasb\src\core\widgets\yasb\active_window.py", line 348 in _update_window_title
  File "D:\a\yasb\yasb\src\core\widgets\yasb\active_window.py", line 237 in _on_focus_change_event
  File "D:\a\yasb\yasb\venv\Lib\site-packages\qasync\__init__.py", line 404 in run_forever
  File "D:\a\yasb\yasb\venv\Lib\site-packages\qasync\__init__.py", line 428 in run_until_complete
  File "main.py", line 100 in main
  File "main.py", line 203 in <module>
  File "D:\a\yasb\yasb\venv\Lib\site-packages\freeze_core\initscripts\console.py", line 43 in run
  File "src/freeze_core/initscripts/__startup__.py", line 147 in run
Windows fatal exception: code 0x8007072c

Thread 0x000031c0 [SystemEventListener] (most recent call first):
  File "D:\a\yasb\yasb\src\core\utils\win32\event_listener.py", line 69 in run

Thread 0x000031c4 [WindowsNotificationEventListener] (most recent call first):
  File "C:\hostedtoolcache\windows\Python\3.14.6\x64\Lib\asyncio\windows_events.py", line 778 in _poll
  File "C:\hostedtoolcache\windows\Python\3.14.6\x64\Lib\asyncio\windows_events.py", line 446 in select
  File "C:\hostedtoolcache\windows\Python\3.14.6\x64\Lib\asyncio\base_events.py", line 2018 in _run_once
  File "C:\hostedtoolcache\windows\Python\3.14.6\x64\Lib\asyncio\base_events.py", line 677 in run_forever
  File "C:\hostedtoolcache\windows\Python\3.14.6\x64\Lib\asyncio\base_events.py", line 706 in run_until_complete
  File "D:\a\yasb\yasb\src\core\widgets\services\notifications\windows_notification.py", line 84 in run

Thread 0x000031bc [KomorebiEventListener] (most recent call first):
  File "C:\hostedtoolcache\windows\Python\3.14.6\x64\Lib\threading.py", line 373 in wait
  File "C:\hostedtoolcache\windows\Python\3.14.6\x64\Lib\threading.py", line 670 in wait
  File "D:\a\yasb\yasb\src\core\widgets\services\komorebi\event_listener.py", line 75 in run

Thread 0x000031cc [Thread-4] (most recent call first):
  File "C:\hostedtoolcache\windows\Python\3.14.6\x64\Lib\threading.py", line 369 in wait
  File "C:\hostedtoolcache\windows\Python\3.14.6\x64\Lib\queue.py", line 199 in get
  File "D:\a\yasb\yasb\venv\Lib\site-packages\watchdog\observers\api.py", line 379 in dispatch_events
  File "D:\a\yasb\yasb\venv\Lib\site-packages\watchdog\observers\api.py", line 213 in run
  File "C:\hostedtoolcache\windows\Python\3.14.6\x64\Lib\threading.py", line 1082 in _bootstrap_inner
  File "C:\hostedtoolcache\windows\Python\3.14.6\x64\Lib\threading.py", line 1044 in _bootstrap

Thread 0x000031c8 [Thread-5] (most recent call first):
  File "D:\a\yasb\yasb\venv\Lib\site-packages\watchdog\observers\winapi.py", line 326 in read_directory_changes
  File "D:\a\yasb\yasb\venv\Lib\site-packages\watchdog\observers\winapi.py", line 380 in read_events
  File "D:\a\yasb\yasb\venv\Lib\site-packages\watchdog\observers\read_directory_changes.py", line 67 in _read_events
  File "D:\a\yasb\yasb\venv\Lib\site-packages\watchdog\observers\read_directory_changes.py", line 70 in queue_events
  File "D:\a\yasb\yasb\venv\Lib\site-packages\watchdog\observers\api.py", line 158 in run
  File "C:\hostedtoolcache\windows\Python\3.14.6\x64\Lib\threading.py", line 1082 in _bootstrap_inner
  File "C:\hostedtoolcache\windows\Python\3.14.6\x64\Lib\threading.py", line 1044 in _bootstrap

Thread 0x00002db0 [MemoryWorker] (most recent call first):
  File "C:\hostedtoolcache\windows\Python\3.14.6\x64\Lib\threading.py", line 373 in wait
  File "C:\hostedtoolcache\windows\Python\3.14.6\x64\Lib\threading.py", line 670 in wait
  File "D:\a\yasb\yasb\src\core\widgets\services\memory\memory_api.py", line 247 in run

Thread 0x0000163c [CpuWorker] (most recent call first):
  File "C:\hostedtoolcache\windows\Python\3.14.6\x64\Lib\threading.py", line 373 in wait
  File "C:\hostedtoolcache\windows\Python\3.14.6\x64\Lib\threading.py", line 670 in wait
  File "D:\a\yasb\yasb\src\core\widgets\services\cpu\cpu_api.py", line 343 in run

Thread 0x00002e18 [_EventWorker] (most recent call first):
  File "D:\a\yasb\yasb\venv\Lib\site-packages\qasync\_windows.py", line 147 in _poll
  File "D:\a\yasb\yasb\venv\Lib\site-packages\qasync\_windows.py", line 72 in select
  File "D:\a\yasb\yasb\venv\Lib\site-packages\qasync\_windows.py", line 199 in run

Thread 0x00002b08 [LogPipeServer] (most recent call first):
  File "D:\a\yasb\yasb\src\core\utils\win32\bindings\kernel32.py", line 291 in ConnectNamedPipe
  File "D:\a\yasb\yasb\src\core\utils\cli_server.py", line 138 in _run_server
  File "C:\hostedtoolcache\windows\Python\3.14.6\x64\Lib\threading.py", line 1024 in run
  File "C:\hostedtoolcache\windows\Python\3.14.6\x64\Lib\threading.py", line 1082 in _bootstrap_inner
  File "C:\hostedtoolcache\windows\Python\3.14.6\x64\Lib\threading.py", line 1044 in _bootstrap

Thread 0x000028c0 [CLIPipeServer] (most recent call first):
  File "D:\a\yasb\yasb\src\core\utils\win32\bindings\kernel32.py", line 291 in ConnectNamedPipe
  File "D:\a\yasb\yasb\src\core\utils\cli_server.py", line 235 in _run_server
  File "C:\hostedtoolcache\windows\Python\3.14.6\x64\Lib\threading.py", line 1024 in run
  File "C:\hostedtoolcache\windows\Python\3.14.6\x64\Lib\threading.py", line 1082 in _bootstrap_inner
  File "C:\hostedtoolcache\windows\Python\3.14.6\x64\Lib\threading.py", line 1044 in _bootstrap

Thread 0x00002c38 (most recent call first):
  File "D:\a\yasb\yasb\src\core\utils\win32\aumid_icons.py", line 122 in get_icon_for_aumid
  File "D:\a\yasb\yasb\src\core\utils\win32\app_icons.py", line 134 in get_window_icon
  File "D:\a\yasb\yasb\src\core\widgets\yasb\active_window.py", line 348 in _update_window_title
  File "D:\a\yasb\yasb\src\core\widgets\yasb\active_window.py", line 237 in _on_focus_change_event
  File "D:\a\yasb\yasb\venv\Lib\site-packages\qasync\__init__.py", line 404 in run_forever
  File "D:\a\yasb\yasb\venv\Lib\site-packages\qasync\__init__.py", line 428 in run_until_complete
  File "main.py", line 100 in main
  File "main.py", line 203 in <module>
  File "D:\a\yasb\yasb\venv\Lib\site-packages\freeze_core\initscripts\console.py", line 43 in run
  File "src/freeze_core/initscripts/__startup__.py", line 147 in run
Windows fatal exception: code 0x800706f7

Thread 0x000031c0 [SystemEventListener] (most recent call first):
  File "D:\a\yasb\yasb\src\core\utils\win32\event_listener.py", line 69 in run

Thread 0x000031c4 [WindowsNotificationEventListener] (most recent call first):
  File "C:\hostedtoolcache\windows\Python\3.14.6\x64\Lib\asyncio\windows_events.py", line 778 in _poll
  File "C:\hostedtoolcache\windows\Python\3.14.6\x64\Lib\asyncio\windows_events.py", line 446 in select
  File "C:\hostedtoolcache\windows\Python\3.14.6\x64\Lib\asyncio\base_events.py", line 2018 in _run_once
  File "C:\hostedtoolcache\windows\Python\3.14.6\x64\Lib\asyncio\base_events.py", line 677 in run_forever
  File "C:\hostedtoolcache\windows\Python\3.14.6\x64\Lib\asyncio\base_events.py", line 706 in run_until_complete
  File "D:\a\yasb\yasb\src\core\widgets\services\notifications\windows_notification.py", line 84 in run

Thread 0x000031bc [KomorebiEventListener] (most recent call first):
  File "C:\hostedtoolcache\windows\Python\3.14.6\x64\Lib\threading.py", line 373 in wait
  File "C:\hostedtoolcache\windows\Python\3.14.6\x64\Lib\threading.py", line 670 in wait
  File "D:\a\yasb\yasb\src\core\widgets\services\komorebi\event_listener.py", line 75 in run

Thread 0x000031cc [Thread-4] (most recent call first):
  File "C:\hostedtoolcache\windows\Python\3.14.6\x64\Lib\threading.py", line 369 in wait
  File "C:\hostedtoolcache\windows\Python\3.14.6\x64\Lib\queue.py", line 199 in get
  File "D:\a\yasb\yasb\venv\Lib\site-packages\watchdog\observers\api.py", line 379 in dispatch_events
  File "D:\a\yasb\yasb\venv\Lib\site-packages\watchdog\observers\api.py", line 213 in run
  File "C:\hostedtoolcache\windows\Python\3.14.6\x64\Lib\threading.py", line 1082 in _bootstrap_inner
  File "C:\hostedtoolcache\windows\Python\3.14.6\x64\Lib\threading.py", line 1044 in _bootstrap

Thread 0x000031c8 [Thread-5] (most recent call first):
  File "D:\a\yasb\yasb\venv\Lib\site-packages\watchdog\observers\winapi.py", line 326 in read_directory_changes
  File "D:\a\yasb\yasb\venv\Lib\site-packages\watchdog\observers\winapi.py", line 380 in read_events
  File "D:\a\yasb\yasb\venv\Lib\site-packages\watchdog\observers\read_directory_changes.py", line 67 in _read_events
  File "D:\a\yasb\yasb\venv\Lib\site-packages\watchdog\observers\read_directory_changes.py", line 70 in queue_events
  File "D:\a\yasb\yasb\venv\Lib\site-packages\watchdog\observers\api.py", line 158 in run
  File "C:\hostedtoolcache\windows\Python\3.14.6\x64\Lib\threading.py", line 1082 in _bootstrap_inner
  File "C:\hostedtoolcache\windows\Python\3.14.6\x64\Lib\threading.py", line 1044 in _bootstrap

Thread 0x00002db0 [MemoryWorker] (most recent call first):
  File "C:\hostedtoolcache\windows\Python\3.14.6\x64\Lib\threading.py", line 373 in wait
  File "C:\hostedtoolcache\windows\Python\3.14.6\x64\Lib\threading.py", line 670 in wait
  File "D:\a\yasb\yasb\src\core\widgets\services\memory\memory_api.py", line 247 in run

Thread 0x0000163c [CpuWorker] (most recent call first):
  File "C:\hostedtoolcache\windows\Python\3.14.6\x64\Lib\threading.py", line 373 in wait
  File "C:\hostedtoolcache\windows\Python\3.14.6\x64\Lib\threading.py", line 670 in wait
  File "D:\a\yasb\yasb\src\core\widgets\services\cpu\cpu_api.py", line 343 in run

Thread 0x00002e18 [_EventWorker] (most recent call first):
  File "D:\a\yasb\yasb\venv\Lib\site-packages\qasync\_windows.py", line 147 in _poll
  File "D:\a\yasb\yasb\venv\Lib\site-packages\qasync\_windows.py", line 72 in select
  File "D:\a\yasb\yasb\venv\Lib\site-packages\qasync\_windows.py", line 199 in run

Thread 0x00002b08 [LogPipeServer] (most recent call first):
  File "D:\a\yasb\yasb\src\core\utils\win32\bindings\kernel32.py", line 291 in ConnectNamedPipe
  File "D:\a\yasb\yasb\src\core\utils\cli_server.py", line 138 in _run_server
  File "C:\hostedtoolcache\windows\Python\3.14.6\x64\Lib\threading.py", line 1024 in run
  File "C:\hostedtoolcache\windows\Python\3.14.6\x64\Lib\threading.py", line 1082 in _bootstrap_inner
  File "C:\hostedtoolcache\windows\Python\3.14.6\x64\Lib\threading.py", line 1044 in _bootstrap

Thread 0x000028c0 [CLIPipeServer] (most recent call first):
  File "D:\a\yasb\yasb\src\core\utils\win32\bindings\kernel32.py", line 291 in ConnectNamedPipe
  File "D:\a\yasb\yasb\src\core\utils\cli_server.py", line 235 in _run_server
  File "C:\hostedtoolcache\windows\Python\3.14.6\x64\Lib\threading.py", line 1024 in run
  File "C:\hostedtoolcache\windows\Python\3.14.6\x64\Lib\threading.py", line 1082 in _bootstrap_inner
  File "C:\hostedtoolcache\windows\Python\3.14.6\x64\Lib\threading.py", line 1044 in _bootstrap

Current thread 0x00002c38 (most recent call first):
  File "D:\a\yasb\yasb\src\core\widgets\yasb\active_window.py", line 337 in _update_window_title
  File "D:\a\yasb\yasb\src\core\widgets\yasb\active_window.py", line 237 in _on_focus_change_event
  File "D:\a\yasb\yasb\venv\Lib\site-packages\qasync\__init__.py", line 404 in run_forever
  File "D:\a\yasb\yasb\venv\Lib\site-packages\qasync\__init__.py", line 428 in run_until_complete
  File "main.py", line 100 in main
  File "main.py", line 203 in <module>
  File "D:\a\yasb\yasb\venv\Lib\site-packages\freeze_core\initscripts\console.py", line 43 in run
  File "src/freeze_core/initscripts/__startup__.py", line 147 in run
2026-09-13 23:29:03,635 [INFO] [MainThread] [root/bar_manager.py:119]: Stopping KomorebiEventListener...
2026-09-13 23:29:03,829 [INFO] [MainThread] [root/bar_manager.py:119]: Stopping SystemEventListener...
2026-09-13 23:29:03,955 [INFO] [MainThread] [root/bar_manager.py:119]: Stopping WindowsNotificationEventListener...
2026-09-13 23:29:03,980 [INFO] [Dummy-7] [root/windows_notification.py:97]: Notification service stopped
2026-09-14 18:45:10,784 [INFO] [MainThread] [root/log.py:104]: YASB v2.0.6
2026-09-14 18:45:10,785 [INFO] [CLIPipeServer] [cli_server/cli_server.py:216]: CLI server started v1.1.7
2026-09-14 18:45:10,791 [INFO] [MainThread] [cli_server/cli_server.py:106]: Log pipe server started
2026-09-14 18:45:12,670 [INFO] [MainThread] [root/service.py:52]: AudioOutputService starting...
2026-09-14 18:45:13,379 [INFO] [MainThread] [root/bar_manager.py:103]: Starting KomorebiEventListener...
2026-09-14 18:45:13,379 [INFO] [MainThread] [root/bar_manager.py:103]: Starting WindowsNotificationEventListener...
2026-09-14 18:45:13,380 [INFO] [MainThread] [root/bar_manager.py:103]: Starting SystemEventListener...
2026-09-14 18:45:13,381 [INFO] [MainThread] [root/watcher.py:65]: Watching directory: c:\users\nep\neps-windows-usability-config\.config\yasb
2026-09-14 18:45:13,381 [INFO] [MainThread] [root/watcher.py:104]: Created file watcher
2026-09-14 18:45:13,386 [INFO] [Dummy-6] [root/event_listener.py:54]: Created named pipe yasb-5d7cb885-b029-11f1-b339-a8a15937b6a6
2026-09-14 18:45:13,522 [INFO] [MainThread] [root/update_service.py:434]: Background update checker started
2026-09-14 18:45:13,561 [INFO] [Dummy-7] [root/windows_notification.py:164]: Notification service started (WNF_SHEL_NOTIFICATIONS)
2026-09-14 18:45:13,789 [WARNING] [Dummy-6] [root/event_listener.py:134]: Komorebi failed to subscribe named pipe. Komorebi is not running, please start Komorebi.
2026-09-14 18:45:18,845 [INFO] [Dummy-6] [root/event_listener.py:147]: Komorebi connected to named pipe: yasb-5d7cb885-b029-11f1-b339-a8a15937b6a6
2026-09-14 18:46:52,824 [INFO] [MainThread] [root/log.py:104]: YASB v2.0.6
2026-09-14 18:46:52,825 [INFO] [CLIPipeServer] [cli_server/cli_server.py:216]: CLI server started v1.1.7
2026-09-14 18:46:52,825 [INFO] [MainThread] [cli_server/cli_server.py:106]: Log pipe server started
2026-09-14 18:46:52,825 [ERROR] [MainThread] [root/main.py:77]: Another instance of the YASB is already running.
2026-09-14 18:47:41,319 [INFO] [MainThread] [root/bar_manager.py:119]: Stopping KomorebiEventListener...
2026-09-14 18:47:41,320 [INFO] [MainThread] [root/bar_manager.py:119]: Stopping WindowsNotificationEventListener...
2026-09-14 18:47:41,320 [INFO] [Dummy-7] [root/windows_notification.py:97]: Notification service stopped
2026-09-14 18:47:41,321 [INFO] [MainThread] [root/bar_manager.py:119]: Stopping SystemEventListener...
2026-09-14 18:47:41,758 [ERROR] [MainThread] [qasync._QEventLoop/__init__.py:770]: Exception in callback Task.task_wakeup()
handle: <Handle Task.task_wakeup()>
Traceback (most recent call last):
  File "C:\hostedtoolcache\windows\Python\3.14.6\x64\Lib\asyncio\events.py", line 94, in _run
RuntimeError: loop <QIOCPEventLoop running=False closed=False debug=False> is not the running loop
2026-09-14 18:47:41,760 [ERROR] [MainThread] [root/main.py:205]: Exception during application startup
Traceback (most recent call last):
  File "main.py", line 203, in <module>
  File "main.py", line 100, in main
  File "D:\a\yasb\yasb\venv\Lib\site-packages\qasync\__init__.py", line 435, in run_until_complete
RuntimeError: Event loop stopped before Future completed.
2026-09-14 18:48:44,831 [INFO] [MainThread] [root/log.py:103]: YASB v2.0.7
2026-09-14 18:48:44,831 [INFO] [CLIPipeServer] [cli_server/cli_server.py:216]: CLI server started v1.1.7
2026-09-14 18:48:44,832 [INFO] [MainThread] [cli_server/cli_server.py:106]: Log pipe server started
2026-09-14 18:48:44,878 [INFO] [MainThread] [root/main.py:113]: Debug mode enabled.
2026-09-14 18:48:45,397 [DEBUG] [MainThread] [virtual_desktop/interfaces.py:863]: Virtual desktop tier 0 selected from build 19045
2026-09-14 18:48:45,408 [INFO] [MainThread] [windows_desktop_service/com.py:130]: Virtual desktop COM ready (tier 0, build 19045)
2026-09-14 18:48:45,413 [INFO] [MainThread] [windows_desktop_service/notification.py:163]: Registered for virtual desktop notifications (cookie=19)
2026-09-14 18:48:45,516 [INFO] [MainThread] [root/log.py:103]: YASB v2.0.7
2026-09-14 18:48:45,516 [INFO] [CLIPipeServer] [cli_server/cli_server.py:216]: CLI server started v1.1.7
2026-09-14 18:48:45,516 [INFO] [MainThread] [cli_server/cli_server.py:106]: Log pipe server started
2026-09-14 18:48:45,517 [ERROR] [MainThread] [root/main.py:46]: Another instance of the YASB is already running.
2026-09-14 18:48:45,538 [INFO] [yasb-audio-visualizer] [root/loopback.py:728]: Audio visualizer: loopback capture open (48000 Hz, 2 ch, 32-bit float)
2026-09-14 18:48:45,539 [DEBUG] [MainThread] [systray_widget/systray.py:612]: Loading state from C:\Users\Nep\AppData\Local\YASB\systray_state_HCSN2455PRO.json
2026-09-14 18:48:45,547 [DEBUG] [MainThread] [systray_hook/systray_hook.py:137]: Creating pipe \\.\pipe\yasb_systray_monitor...
2026-09-14 18:48:45,549 [DEBUG] [SystrayHook] [systray_widget/systray.py:78]: Systray hook thread is starting...
2026-09-14 18:48:45,612 [INFO] [MainThread] [root/api.py:65]: GitHubDataManager started...
2026-09-14 18:48:45,660 [INFO] [MainThread] [root/service.py:52]: AudioOutputService starting...
2026-09-14 18:48:45,662 [INFO] [SystrayHook] [systray_hook/systray_hook.py:193]: Injecting into Explorer (PID: 7560)
2026-09-14 18:48:45,718 [DEBUG] [SystrayHook] [systray_hook/systray_hook.py:200]: Waiting for DLL to connect
2026-09-14 18:48:45,718 [DEBUG] [SystrayHook] [systray_hook/systray_hook.py:219]: DLL Connected
2026-09-14 18:48:45,718 [DEBUG] [SystrayHook] [systray_hook/systray_hook.py:293]: [DLL] Pipeline connected.
2026-09-14 18:48:45,719 [DEBUG] [SystrayHook] [systray_hook/systray_hook.py:293]: [DLL] Successfully subclassed Shell_TrayWnd
2026-09-14 18:48:45,719 [DEBUG] [SystrayHook] [systray_hook/systray_hook.py:293]: [DLL] Watchdog active. Sleeping until host drops.
2026-09-14 18:48:46,073 [DEBUG] [MainThread] [root/service.py:521]: BrightnessService found monitor: 131073 device=\\.\DISPLAY1
2026-09-14 18:48:46,073 [DEBUG] [MainThread] [root/service.py:521]: BrightnessService found monitor: 65588 device=\\.\DISPLAY2
2026-09-14 18:48:46,074 [INFO] [MainThread] [root/service.py:225]: BrightnessService started with 2 monitors
2026-09-14 18:48:46,087 [INFO] [MainThread] [root/service.py:41]: AudioInputService starting...
2026-09-14 18:48:46,118 [DEBUG] [BrightnessDetect] [root/service.py:454]: Monitor 131073 metadata: MH-246 internal=False conn=Hdmi
2026-09-14 18:48:46,122 [DEBUG] [BrightnessDetect] [root/service.py:454]: Monitor 65588 metadata: N2455 Pro internal=False conn=Hdmi
2026-09-14 18:48:46,159 [DEBUG] [MainThread] [root/app_bar.py:137]: Bar primary-bar Created on Screen: N2455 Pro [Bar Height: 36px, DPI Scale: 1.0]
2026-09-14 18:48:46,189 [DEBUG] [BrightnessDetect] [root/service.py:387]: Monitor 65588: DDC=True scheme=False
2026-09-14 18:48:46,434 [INFO] [MainThread] [taskbar_window_manager/window_manager.py:181]: TaskbarWindowManager is starting...
2026-09-14 18:48:46,439 [INFO] [MainThread] [root/bar_manager.py:242]: Starting HotkeyListener...
2026-09-14 18:48:46,439 [INFO] [MainThread] [root/bar_manager.py:103]: Starting WindowsNotificationEventListener...
2026-09-14 18:48:46,439 [DEBUG] [Dummy-9] [root/hotkeys.py:199]: Registered hotkey alt+e
2026-09-14 18:48:46,439 [WARNING] [Dummy-9] [root/hotkeys.py:201]: Failed to register hotkey alt+space - it may be in use by another application.
2026-09-14 18:48:46,441 [INFO] [MainThread] [root/watcher.py:65]: Watching directory: c:\users\nep\neps-windows-usability-config\.config\yasb
2026-09-14 18:48:46,441 [INFO] [MainThread] [root/watcher.py:104]: Created file watcher
2026-09-14 18:48:46,472 [DEBUG] [Dummy-12] [root/windows_notification.py:151]: WNF_SHEL_NOTIFICATION_TOTAL unavailable (0xC0000034)
2026-09-14 18:48:46,481 [INFO] [Dummy-12] [root/windows_notification.py:164]: Notification service started (WNF_SHEL_NOTIFICATIONS)
2026-09-14 18:48:46,481 [INFO] [MainThread] [root/update_service.py:434]: Background update checker started
2026-09-14 18:48:46,579 [DEBUG] [BrightnessDetect] [root/service.py:417]: Monitor 131073: DDC=False scheme=False internal=False name=MH-246
2026-09-14 18:48:46,749 [DEBUG] [MainThread] [systray_widget/systray.py:257]: Sending TaskbarCreated message: 49244
2026-09-14 18:48:46,750 [DEBUG] [MainThread] [systray_widget/systray.py:259]: Systray icons refreshed
2026-09-14 18:49:39,881 [DEBUG] [Thread-10] [root/watcher.py:90]: Config file modified: c:\users\nep\neps-windows-usability-config\.config\yasb\config.yaml
2026-09-14 18:49:39,909 [INFO] [MainThread] [root/controller.py:21]: Reloading Application because of config change.
2026-09-14 18:49:40,017 [INFO] [MainThread] [cli_server/cli_server.py:114]: Log pipe server stopped
2026-09-14 18:49:40,018 [DEBUG] [MainThread] [cli_server/cli_server.py:210]: CLI server stopped
2026-09-14 18:49:40,024 [INFO] [MainThread] [root/bar_manager.py:93]: Successfully loaded updated config and re-initialised all bars.
2026-09-14 18:49:40,167 [INFO] [MainThread] [root/bar_manager.py:111]: Stopping HotkeyListener...
2026-09-14 18:49:40,170 [INFO] [MainThread] [root/bar_manager.py:119]: Stopping WindowsNotificationEventListener...
2026-09-14 18:49:40,170 [INFO] [Dummy-12] [root/windows_notification.py:97]: Notification service stopped
2026-09-14 18:49:40,170 [DEBUG] [Dummy-12] [root/windows_notification.py:178]: Unsubscribed from WNF notifications
2026-09-14 18:49:40,186 [INFO] [MainThread] [taskbar_window_manager/window_manager.py:208]: TaskbarWindowManager stopped
2026-09-14 18:49:40,190 [DEBUG] [MainThread] [systray_widget/systray.py:594]: Saving state to C:\Users\Nep\AppData\Local\YASB\systray_state_HCSN2455PRO.json
2026-09-14 18:49:40,224 [INFO] [MainThread] [windows_desktop_service/notification.py:171]: Unregistered virtual desktop notifications (cookie=19)
2026-09-14 18:49:40,652 [INFO] [MainThread] [root/log.py:103]: YASB v2.0.7
2026-09-14 18:49:40,653 [INFO] [CLIPipeServer] [cli_server/cli_server.py:216]: CLI server started v1.1.7
2026-09-14 18:49:40,653 [INFO] [MainThread] [cli_server/cli_server.py:106]: Log pipe server started
2026-09-14 18:49:40,712 [INFO] [MainThread] [root/main.py:113]: Debug mode enabled.
2026-09-14 18:49:40,877 [WARNING] [MainThread] [root/widget_builder.py:39]: No widget config could be found for widget 'komorebi_workspaces
2026-09-14 18:49:40,952 [INFO] [yasb-audio-visualizer] [root/loopback.py:728]: Audio visualizer: loopback capture open (48000 Hz, 2 ch, 32-bit float)
2026-09-14 18:49:40,955 [DEBUG] [MainThread] [systray_widget/systray.py:612]: Loading state from C:\Users\Nep\AppData\Local\YASB\systray_state_HCSN2455PRO.json
2026-09-14 18:49:40,956 [DEBUG] [MainThread] [systray_hook/systray_hook.py:137]: Creating pipe \\.\pipe\yasb_systray_monitor...
2026-09-14 18:49:40,958 [DEBUG] [SystrayHook] [systray_widget/systray.py:78]: Systray hook thread is starting...
2026-09-14 18:49:41,027 [INFO] [MainThread] [root/api.py:65]: GitHubDataManager started...
2026-09-14 18:49:41,052 [INFO] [MainThread] [root/service.py:52]: AudioOutputService starting...
2026-09-14 18:49:41,081 [INFO] [SystrayHook] [systray_hook/systray_hook.py:193]: Injecting into Explorer (PID: 7560)
2026-09-14 18:49:41,264 [DEBUG] [SystrayHook] [systray_hook/systray_hook.py:200]: Waiting for DLL to connect
2026-09-14 18:49:41,295 [DEBUG] [MainThread] [root/service.py:521]: BrightnessService found monitor: 131073 device=\\.\DISPLAY1
2026-09-14 18:49:41,295 [DEBUG] [MainThread] [root/service.py:521]: BrightnessService found monitor: 65588 device=\\.\DISPLAY2
2026-09-14 18:49:41,295 [INFO] [MainThread] [root/service.py:225]: BrightnessService started with 2 monitors
2026-09-14 18:49:41,308 [INFO] [MainThread] [root/service.py:41]: AudioInputService starting...
2026-09-14 18:49:41,317 [DEBUG] [BrightnessDetect] [root/service.py:454]: Monitor 131073 metadata: MH-246 internal=False conn=Hdmi
2026-09-14 18:49:41,321 [DEBUG] [BrightnessDetect] [root/service.py:454]: Monitor 65588 metadata: N2455 Pro internal=False conn=Hdmi
2026-09-14 18:49:41,388 [DEBUG] [BrightnessDetect] [root/service.py:387]: Monitor 65588: DDC=True scheme=False
2026-09-14 18:49:41,405 [DEBUG] [MainThread] [root/app_bar.py:137]: Bar primary-bar Created on Screen: N2455 Pro [Bar Height: 36px, DPI Scale: 1.0]
2026-09-14 18:49:41,665 [INFO] [MainThread] [taskbar_window_manager/window_manager.py:181]: TaskbarWindowManager is starting...
2026-09-14 18:49:41,670 [INFO] [MainThread] [root/bar_manager.py:242]: Starting HotkeyListener...
2026-09-14 18:49:41,670 [INFO] [MainThread] [root/bar_manager.py:103]: Starting WindowsNotificationEventListener...
2026-09-14 18:49:41,670 [ERROR] [MainThread] [root/widget_builder.py:100]: Failed to add undefined widget(s)  - The widget "komorebi_workspaces" is undefined.
2026-09-14 18:49:41,671 [DEBUG] [Dummy-9] [root/hotkeys.py:199]: Registered hotkey alt+e
2026-09-14 18:49:41,672 [WARNING] [Dummy-9] [root/hotkeys.py:201]: Failed to register hotkey alt+space - it may be in use by another application.
2026-09-14 18:49:41,681 [DEBUG] [Dummy-10] [root/windows_notification.py:151]: WNF_SHEL_NOTIFICATION_TOTAL unavailable (0xC0000034)
2026-09-14 18:49:41,682 [INFO] [Dummy-10] [root/windows_notification.py:164]: Notification service started (WNF_SHEL_NOTIFICATIONS)
2026-09-14 18:49:41,690 [INFO] [MainThread] [root/watcher.py:65]: Watching directory: c:\users\nep\neps-windows-usability-config\.config\yasb
2026-09-14 18:49:41,690 [INFO] [MainThread] [root/watcher.py:104]: Created file watcher
2026-09-14 18:49:41,727 [DEBUG] [SystrayHook] [systray_hook/systray_hook.py:219]: DLL Connected
2026-09-14 18:49:41,727 [DEBUG] [SystrayHook] [systray_hook/systray_hook.py:293]: [DLL] Pipeline connected.
2026-09-14 18:49:41,727 [INFO] [MainThread] [root/update_service.py:434]: Background update checker started
2026-09-14 18:49:41,727 [DEBUG] [SystrayHook] [systray_hook/systray_hook.py:293]: [DLL] Successfully subclassed Shell_TrayWnd
2026-09-14 18:49:41,728 [DEBUG] [SystrayHook] [systray_hook/systray_hook.py:293]: [DLL] Watchdog active. Sleeping until host drops.
2026-09-14 18:49:41,835 [DEBUG] [BrightnessDetect] [root/service.py:417]: Monitor 131073: DDC=False scheme=False internal=False name=MH-246
2026-09-14 18:49:41,989 [DEBUG] [MainThread] [systray_widget/systray.py:257]: Sending TaskbarCreated message: 49244
2026-09-14 18:49:41,989 [DEBUG] [MainThread] [systray_widget/systray.py:259]: Systray icons refreshed
2026-09-14 18:50:08,782 [DEBUG] [Thread-11] [root/watcher.py:90]: Config file modified: c:\users\nep\neps-windows-usability-config\.config\yasb\config.yaml
2026-09-14 18:50:08,808 [INFO] [MainThread] [root/controller.py:21]: Reloading Application because of config change.
2026-09-14 18:50:08,919 [INFO] [MainThread] [cli_server/cli_server.py:114]: Log pipe server stopped
2026-09-14 18:50:08,919 [DEBUG] [MainThread] [cli_server/cli_server.py:210]: CLI server stopped
2026-09-14 18:50:08,925 [INFO] [MainThread] [root/bar_manager.py:93]: Successfully loaded updated config and re-initialised all bars.
2026-09-14 18:50:09,025 [INFO] [MainThread] [root/bar_manager.py:111]: Stopping HotkeyListener...
2026-09-14 18:50:09,029 [INFO] [MainThread] [root/bar_manager.py:119]: Stopping WindowsNotificationEventListener...
2026-09-14 18:50:09,029 [INFO] [Dummy-10] [root/windows_notification.py:97]: Notification service stopped
2026-09-14 18:50:09,030 [DEBUG] [Dummy-10] [root/windows_notification.py:178]: Unsubscribed from WNF notifications
2026-09-14 18:50:09,055 [INFO] [MainThread] [taskbar_window_manager/window_manager.py:208]: TaskbarWindowManager stopped
2026-09-14 18:50:09,060 [DEBUG] [MainThread] [systray_widget/systray.py:594]: Saving state to C:\Users\Nep\AppData\Local\YASB\systray_state_HCSN2455PRO.json
2026-09-14 18:50:09,446 [INFO] [MainThread] [root/log.py:103]: YASB v2.0.7
2026-09-14 18:50:09,446 [INFO] [CLIPipeServer] [cli_server/cli_server.py:216]: CLI server started v1.1.7
2026-09-14 18:50:09,447 [INFO] [MainThread] [cli_server/cli_server.py:106]: Log pipe server started
2026-09-14 18:50:09,506 [INFO] [MainThread] [root/main.py:113]: Debug mode enabled.
2026-09-14 18:50:09,729 [INFO] [yasb-audio-visualizer] [root/loopback.py:728]: Audio visualizer: loopback capture open (48000 Hz, 2 ch, 32-bit float)
2026-09-14 18:50:09,729 [DEBUG] [MainThread] [systray_widget/systray.py:612]: Loading state from C:\Users\Nep\AppData\Local\YASB\systray_state_HCSN2455PRO.json
2026-09-14 18:50:09,730 [DEBUG] [MainThread] [systray_hook/systray_hook.py:137]: Creating pipe \\.\pipe\yasb_systray_monitor...
2026-09-14 18:50:09,731 [DEBUG] [SystrayHook] [systray_widget/systray.py:78]: Systray hook thread is starting...
2026-09-14 18:50:09,793 [INFO] [MainThread] [root/api.py:65]: GitHubDataManager started...
2026-09-14 18:50:09,822 [INFO] [MainThread] [root/service.py:52]: AudioOutputService starting...
2026-09-14 18:50:09,849 [INFO] [SystrayHook] [systray_hook/systray_hook.py:193]: Injecting into Explorer (PID: 7560)
2026-09-14 18:50:10,017 [DEBUG] [SystrayHook] [systray_hook/systray_hook.py:200]: Waiting for DLL to connect
2026-09-14 18:50:10,058 [DEBUG] [MainThread] [root/service.py:521]: BrightnessService found monitor: 131073 device=\\.\DISPLAY1
2026-09-14 18:50:10,058 [DEBUG] [MainThread] [root/service.py:521]: BrightnessService found monitor: 65588 device=\\.\DISPLAY2
2026-09-14 18:50:10,058 [INFO] [MainThread] [root/service.py:225]: BrightnessService started with 2 monitors
2026-09-14 18:50:10,079 [INFO] [MainThread] [root/service.py:41]: AudioInputService starting...
2026-09-14 18:50:10,083 [DEBUG] [BrightnessDetect] [root/service.py:454]: Monitor 131073 metadata: MH-246 internal=False conn=Hdmi
2026-09-14 18:50:10,087 [DEBUG] [BrightnessDetect] [root/service.py:454]: Monitor 65588 metadata: N2455 Pro internal=False conn=Hdmi
2026-09-14 18:50:10,158 [DEBUG] [BrightnessDetect] [root/service.py:387]: Monitor 65588: DDC=True scheme=False
2026-09-14 18:50:10,199 [DEBUG] [MainThread] [root/app_bar.py:137]: Bar primary-bar Created on Screen: N2455 Pro [Bar Height: 36px, DPI Scale: 1.0]
2026-09-14 18:50:10,482 [INFO] [MainThread] [taskbar_window_manager/window_manager.py:181]: TaskbarWindowManager is starting...
2026-09-14 18:50:10,486 [INFO] [MainThread] [root/bar_manager.py:242]: Starting HotkeyListener...
2026-09-14 18:50:10,486 [INFO] [MainThread] [root/bar_manager.py:103]: Starting WindowsNotificationEventListener...
2026-09-14 18:50:10,487 [INFO] [MainThread] [root/bar_manager.py:103]: Starting KomorebiEventListener...
2026-09-14 18:50:10,487 [DEBUG] [Dummy-9] [root/hotkeys.py:199]: Registered hotkey alt+e
2026-09-14 18:50:10,487 [WARNING] [Dummy-9] [root/hotkeys.py:201]: Failed to register hotkey alt+space - it may be in use by another application.
2026-09-14 18:50:10,487 [INFO] [Dummy-10] [root/event_listener.py:54]: Created named pipe yasb-0e93b8bc-b02a-11f1-95f6-a8a15937b6a6
2026-09-14 18:50:10,488 [DEBUG] [Dummy-10] [root/event_listener.py:126]: Waiting for Komorebi to subscribe to named pipe yasb-0e93b8bc-b02a-11f1-95f6-a8a15937b6a6
2026-09-14 18:50:10,490 [INFO] [MainThread] [root/watcher.py:65]: Watching directory: c:\users\nep\neps-windows-usability-config\.config\yasb
2026-09-14 18:50:10,490 [INFO] [MainThread] [root/watcher.py:104]: Created file watcher
2026-09-14 18:50:10,520 [DEBUG] [SystrayHook] [systray_hook/systray_hook.py:219]: DLL Connected
2026-09-14 18:50:10,520 [DEBUG] [SystrayHook] [systray_hook/systray_hook.py:293]: [DLL] Pipeline connected.
2026-09-14 18:50:10,521 [DEBUG] [SystrayHook] [systray_hook/systray_hook.py:293]: [DLL] Successfully subclassed Shell_TrayWnd
2026-09-14 18:50:10,521 [DEBUG] [Dummy-12] [root/windows_notification.py:151]: WNF_SHEL_NOTIFICATION_TOTAL unavailable (0xC0000034)
2026-09-14 18:50:10,528 [DEBUG] [SystrayHook] [systray_hook/systray_hook.py:293]: [DLL] Watchdog active. Sleeping until host drops.
2026-09-14 18:50:10,528 [INFO] [Dummy-12] [root/windows_notification.py:164]: Notification service started (WNF_SHEL_NOTIFICATIONS)
2026-09-14 18:50:10,529 [INFO] [MainThread] [root/update_service.py:434]: Background update checker started
2026-09-14 18:50:10,578 [INFO] [Dummy-10] [root/event_listener.py:147]: Komorebi connected to named pipe: yasb-0e93b8bc-b02a-11f1-95f6-a8a15937b6a6
2026-09-14 18:50:10,622 [DEBUG] [BrightnessDetect] [root/service.py:417]: Monitor 131073: DDC=False scheme=False internal=False name=MH-246
2026-09-14 18:50:10,824 [DEBUG] [MainThread] [systray_widget/systray.py:257]: Sending TaskbarCreated message: 49244
2026-09-14 18:50:10,825 [DEBUG] [MainThread] [systray_widget/systray.py:259]: Systray icons refreshed
2026-09-14 18:50:46,195 [DEBUG] [Thread-11] [root/watcher.py:84]: Stylesheet modified: c:\users\nep\neps-windows-usability-config\.config\yasb\styles.css
2026-09-14 18:50:55,848 [DEBUG] [Thread-11] [root/watcher.py:84]: Stylesheet modified: c:\users\nep\neps-windows-usability-config\.config\yasb\styles.css
2026-09-14 18:51:01,621 [DEBUG] [Thread-11] [root/watcher.py:84]: Stylesheet modified: c:\users\nep\neps-windows-usability-config\.config\yasb\styles.css
2026-09-14 18:51:06,446 [DEBUG] [Thread-11] [root/watcher.py:84]: Stylesheet modified: c:\users\nep\neps-windows-usability-config\.config\yasb\styles.css
2026-09-14 18:53:34,153 [DEBUG] [Thread-11] [root/watcher.py:84]: Stylesheet modified: c:\users\nep\neps-windows-usability-config\.config\yasb\styles.css
2026-09-14 18:53:39,346 [DEBUG] [Thread-11] [root/watcher.py:84]: Stylesheet modified: c:\users\nep\neps-windows-usability-config\.config\yasb\styles.css
2026-09-14 18:53:50,601 [DEBUG] [Thread-11] [root/watcher.py:84]: Stylesheet modified: c:\users\nep\neps-windows-usability-config\.config\yasb\styles.css
2026-09-14 18:53:53,714 [DEBUG] [Thread-11] [root/watcher.py:84]: Stylesheet modified: c:\users\nep\neps-windows-usability-config\.config\yasb\styles.css
2026-09-14 18:53:57,899 [DEBUG] [Thread-11] [root/watcher.py:84]: Stylesheet modified: c:\users\nep\neps-windows-usability-config\.config\yasb\styles.css
2026-09-14 18:54:10,410 [DEBUG] [Thread-11] [root/watcher.py:84]: Stylesheet modified: c:\users\nep\neps-windows-usability-config\.config\yasb\styles.css
2026-09-14 18:54:10,459 [DEBUG] [Thread-11] [root/watcher.py:84]: Stylesheet modified: c:\users\nep\neps-windows-usability-config\.config\yasb\styles.css
2026-09-14 18:55:14,353 [DEBUG] [Thread-11] [root/watcher.py:90]: Config file modified: c:\users\nep\neps-windows-usability-config\.config\yasb\config.yaml
2026-09-14 18:55:14,379 [INFO] [MainThread] [root/controller.py:21]: Reloading Application because of config change.
2026-09-14 18:55:14,490 [INFO] [MainThread] [cli_server/cli_server.py:114]: Log pipe server stopped
2026-09-14 18:55:14,490 [DEBUG] [MainThread] [cli_server/cli_server.py:210]: CLI server stopped
2026-09-14 18:55:14,496 [INFO] [MainThread] [root/bar_manager.py:93]: Successfully loaded updated config and re-initialised all bars.
2026-09-14 18:55:14,649 [INFO] [MainThread] [root/bar_manager.py:111]: Stopping HotkeyListener...
2026-09-14 18:55:14,650 [INFO] [MainThread] [root/bar_manager.py:119]: Stopping WindowsNotificationEventListener...
2026-09-14 18:55:14,650 [INFO] [Dummy-12] [root/windows_notification.py:97]: Notification service stopped
2026-09-14 18:55:14,650 [DEBUG] [Dummy-12] [root/windows_notification.py:178]: Unsubscribed from WNF notifications
2026-09-14 18:55:14,651 [INFO] [MainThread] [root/bar_manager.py:119]: Stopping KomorebiEventListener...
2026-09-14 18:55:14,653 [INFO] [MainThread] [taskbar_window_manager/window_manager.py:208]: TaskbarWindowManager stopped
2026-09-14 18:55:14,658 [DEBUG] [MainThread] [systray_widget/systray.py:594]: Saving state to C:\Users\Nep\AppData\Local\YASB\systray_state_HCSN2455PRO.json
2026-09-14 18:55:14,992 [INFO] [MainThread] [root/log.py:103]: YASB v2.0.7
2026-09-14 18:55:14,992 [INFO] [CLIPipeServer] [cli_server/cli_server.py:216]: CLI server started v1.1.7
2026-09-14 18:55:14,993 [INFO] [MainThread] [cli_server/cli_server.py:106]: Log pipe server started
2026-09-14 18:55:15,042 [INFO] [MainThread] [root/main.py:113]: Debug mode enabled.
2026-09-14 18:55:15,097 [WARNING] [MainThread] [root/bar_manager.py:151]: Screen '' from config not found among connected screens.
2026-09-14 18:55:15,097 [WARNING] [MainThread] [root/bar_manager.py:172]: Screen '' from config not found among connected screens.
2026-09-14 18:55:15,098 [INFO] [MainThread] [root/bar_manager.py:242]: Starting HotkeyListener...
2026-09-14 18:55:15,099 [DEBUG] [Dummy-4] [root/hotkeys.py:199]: Registered hotkey alt+e
2026-09-14 18:55:15,099 [WARNING] [Dummy-4] [root/hotkeys.py:201]: Failed to register hotkey alt+space - it may be in use by another application.
2026-09-14 18:55:15,099 [INFO] [MainThread] [root/watcher.py:65]: Watching directory: c:\users\nep\neps-windows-usability-config\.config\yasb
2026-09-14 18:55:15,099 [INFO] [MainThread] [root/watcher.py:104]: Created file watcher
2026-09-14 18:55:15,126 [INFO] [MainThread] [root/update_service.py:434]: Background update checker started
2026-09-14 18:55:16,355 [DEBUG] [Thread-3] [root/watcher.py:90]: Config file modified: c:\users\nep\neps-windows-usability-config\.config\yasb\config.yaml
2026-09-14 18:55:16,383 [INFO] [MainThread] [root/controller.py:21]: Reloading Application because of config change.
2026-09-14 18:55:16,496 [INFO] [MainThread] [cli_server/cli_server.py:114]: Log pipe server stopped
2026-09-14 18:55:16,496 [DEBUG] [MainThread] [cli_server/cli_server.py:210]: CLI server stopped
2026-09-14 18:55:16,502 [INFO] [MainThread] [root/bar_manager.py:93]: Successfully loaded updated config and re-initialised all bars.
2026-09-14 18:55:16,502 [INFO] [MainThread] [root/bar_manager.py:111]: Stopping HotkeyListener...
2026-09-14 18:55:16,966 [INFO] [MainThread] [root/log.py:103]: YASB v2.0.7
2026-09-14 18:55:16,966 [INFO] [CLIPipeServer] [cli_server/cli_server.py:216]: CLI server started v1.1.7
2026-09-14 18:55:16,967 [INFO] [MainThread] [cli_server/cli_server.py:106]: Log pipe server started
2026-09-14 18:55:17,013 [INFO] [MainThread] [root/main.py:113]: Debug mode enabled.
2026-09-14 18:55:17,236 [INFO] [yasb-audio-visualizer] [root/loopback.py:728]: Audio visualizer: loopback capture open (48000 Hz, 2 ch, 32-bit float)
2026-09-14 18:55:17,236 [DEBUG] [MainThread] [systray_widget/systray.py:612]: Loading state from C:\Users\Nep\AppData\Local\YASB\systray_state_HCSN2455PRO.json
2026-09-14 18:55:17,237 [DEBUG] [MainThread] [systray_hook/systray_hook.py:137]: Creating pipe \\.\pipe\yasb_systray_monitor...
2026-09-14 18:55:17,238 [DEBUG] [SystrayHook] [systray_widget/systray.py:78]: Systray hook thread is starting...
2026-09-14 18:55:17,302 [INFO] [MainThread] [root/api.py:65]: GitHubDataManager started...
2026-09-14 18:55:17,330 [INFO] [MainThread] [root/service.py:52]: AudioOutputService starting...
2026-09-14 18:55:17,347 [INFO] [SystrayHook] [systray_hook/systray_hook.py:193]: Injecting into Explorer (PID: 7560)
2026-09-14 18:55:17,350 [DEBUG] [SystrayHook] [systray_hook/systray_hook.py:200]: Waiting for DLL to connect
2026-09-14 18:55:17,350 [DEBUG] [SystrayHook] [systray_hook/systray_hook.py:219]: DLL Connected
2026-09-14 18:55:17,351 [DEBUG] [SystrayHook] [systray_hook/systray_hook.py:293]: [DLL] Pipeline connected.
2026-09-14 18:55:17,351 [DEBUG] [SystrayHook] [systray_hook/systray_hook.py:293]: [DLL] Successfully subclassed Shell_TrayWnd
2026-09-14 18:55:17,351 [DEBUG] [SystrayHook] [systray_hook/systray_hook.py:293]: [DLL] Watchdog active. Sleeping until host drops.
2026-09-14 18:55:17,561 [DEBUG] [MainThread] [root/service.py:521]: BrightnessService found monitor: 131073 device=\\.\DISPLAY1
2026-09-14 18:55:17,561 [DEBUG] [MainThread] [root/service.py:521]: BrightnessService found monitor: 65588 device=\\.\DISPLAY2
2026-09-14 18:55:17,561 [INFO] [MainThread] [root/service.py:225]: BrightnessService started with 2 monitors
2026-09-14 18:55:17,574 [INFO] [MainThread] [root/service.py:41]: AudioInputService starting...
2026-09-14 18:55:17,582 [DEBUG] [BrightnessDetect] [root/service.py:454]: Monitor 131073 metadata: MH-246 internal=False conn=Hdmi
2026-09-14 18:55:17,585 [DEBUG] [BrightnessDetect] [root/service.py:454]: Monitor 65588 metadata: N2455 Pro internal=False conn=Hdmi
2026-09-14 18:55:17,635 [DEBUG] [MainThread] [root/app_bar.py:137]: Bar primary-bar Created on Screen: N2455 Pro [Bar Height: 36px, DPI Scale: 1.0]
2026-09-14 18:55:17,660 [DEBUG] [BrightnessDetect] [root/service.py:387]: Monitor 65588: DDC=True scheme=False
2026-09-14 18:55:17,875 [INFO] [MainThread] [taskbar_window_manager/window_manager.py:181]: TaskbarWindowManager is starting...
2026-09-14 18:55:17,886 [DEBUG] [MainThread] [systray_widget/systray.py:612]: Loading state from C:\Users\Nep\AppData\Local\YASB\systray_state_HCSN2455PRO.json
2026-09-14 18:55:18,064 [DEBUG] [BrightnessDetect] [root/service.py:417]: Monitor 131073: DDC=False scheme=False internal=False name=MH-246
2026-09-14 18:55:18,151 [DEBUG] [MainThread] [root/app_bar.py:137]: Bar primary-bar Created on Screen: MH-246 [Bar Height: 36px, DPI Scale: 1.0]
2026-09-14 18:55:18,317 [INFO] [MainThread] [root/bar_manager.py:242]: Starting HotkeyListener...
2026-09-14 18:55:18,317 [INFO] [MainThread] [root/bar_manager.py:103]: Starting WindowsNotificationEventListener...
2026-09-14 18:55:18,317 [INFO] [MainThread] [root/bar_manager.py:103]: Starting KomorebiEventListener...
2026-09-14 18:55:18,319 [INFO] [Dummy-10] [root/event_listener.py:54]: Created named pipe yasb-c60ee42e-b02a-11f1-9574-a8a15937b6a6
2026-09-14 18:55:18,319 [DEBUG] [Dummy-10] [root/event_listener.py:126]: Waiting for Komorebi to subscribe to named pipe yasb-c60ee42e-b02a-11f1-9574-a8a15937b6a6
2026-09-14 18:55:18,319 [INFO] [MainThread] [root/watcher.py:65]: Watching directory: c:\users\nep\neps-windows-usability-config\.config\yasb
2026-09-14 18:55:18,320 [INFO] [MainThread] [root/watcher.py:104]: Created file watcher
2026-09-14 18:55:18,319 [DEBUG] [Dummy-11] [root/hotkeys.py:199]: Registered hotkey alt+e
2026-09-14 18:55:18,320 [WARNING] [Dummy-11] [root/hotkeys.py:201]: Failed to register hotkey alt+space - it may be in use by another application.
2026-09-14 18:55:18,432 [DEBUG] [Dummy-13] [root/windows_notification.py:151]: WNF_SHEL_NOTIFICATION_TOTAL unavailable (0xC0000034)
2026-09-14 18:55:18,438 [INFO] [Dummy-13] [root/windows_notification.py:164]: Notification service started (WNF_SHEL_NOTIFICATIONS)
2026-09-14 18:55:18,439 [INFO] [Dummy-10] [root/event_listener.py:147]: Komorebi connected to named pipe: yasb-c60ee42e-b02a-11f1-9574-a8a15937b6a6
2026-09-14 18:55:18,439 [INFO] [MainThread] [root/update_service.py:434]: Background update checker started
2026-09-14 18:55:18,764 [DEBUG] [MainThread] [systray_widget/systray.py:257]: Sending TaskbarCreated message: 49244
2026-09-14 18:55:18,764 [DEBUG] [MainThread] [systray_widget/systray.py:259]: Systray icons refreshed
2026-09-14 18:56:05,067 [INFO] [CLIPipeServer] [cli_server/cli_server.py:257]: CLI server received command: stop
2026-09-14 18:56:05,067 [INFO] [CLIPipeServer] [root/controller.py:43]: Exiting Application from CLI...
2026-09-14 18:56:05,182 [INFO] [CLIPipeServer] [cli_server/cli_server.py:114]: Log pipe server stopped
2026-09-14 18:56:05,183 [DEBUG] [CLIPipeServer] [cli_server/cli_server.py:210]: CLI server stopped
2026-09-14 18:56:05,558 [INFO] [MainThread] [root/bar_manager.py:111]: Stopping HotkeyListener...
2026-09-14 18:56:05,559 [INFO] [MainThread] [root/bar_manager.py:119]: Stopping WindowsNotificationEventListener...
2026-09-14 18:56:05,559 [INFO] [Dummy-13] [root/windows_notification.py:97]: Notification service stopped
2026-09-14 18:56:05,559 [DEBUG] [Dummy-13] [root/windows_notification.py:178]: Unsubscribed from WNF notifications
2026-09-14 18:56:05,560 [INFO] [MainThread] [root/bar_manager.py:119]: Stopping KomorebiEventListener...
2026-09-14 18:56:05,562 [INFO] [MainThread] [taskbar_window_manager/window_manager.py:208]: TaskbarWindowManager stopped
2026-09-14 18:56:05,563 [DEBUG] [MainThread] [systray_widget/systray.py:594]: Saving state to C:\Users\Nep\AppData\Local\YASB\systray_state_HCSN2455PRO.json
2026-09-14 18:56:05,566 [DEBUG] [MainThread] [systray_widget/systray.py:594]: Saving state to C:\Users\Nep\AppData\Local\YASB\systray_state_HGCMH2461.json
2026-09-14 18:56:07,474 [INFO] [MainThread] [root/log.py:103]: YASB v2.0.7
2026-09-14 18:56:07,475 [INFO] [CLIPipeServer] [cli_server/cli_server.py:216]: CLI server started v1.1.7
2026-09-14 18:56:07,475 [INFO] [MainThread] [cli_server/cli_server.py:106]: Log pipe server started
2026-09-14 18:56:07,520 [INFO] [MainThread] [root/main.py:113]: Debug mode enabled.
2026-09-14 18:56:07,746 [INFO] [yasb-audio-visualizer] [root/loopback.py:728]: Audio visualizer: loopback capture open (48000 Hz, 2 ch, 32-bit float)
2026-09-14 18:56:07,746 [DEBUG] [MainThread] [systray_widget/systray.py:612]: Loading state from C:\Users\Nep\AppData\Local\YASB\systray_state_HCSN2455PRO.json
2026-09-14 18:56:07,747 [DEBUG] [MainThread] [systray_hook/systray_hook.py:137]: Creating pipe \\.\pipe\yasb_systray_monitor...
2026-09-14 18:56:07,748 [DEBUG] [SystrayHook] [systray_widget/systray.py:78]: Systray hook thread is starting...
2026-09-14 18:56:07,809 [INFO] [MainThread] [root/api.py:65]: GitHubDataManager started...
2026-09-14 18:56:07,837 [INFO] [MainThread] [root/service.py:52]: AudioOutputService starting...
2026-09-14 18:56:07,854 [INFO] [SystrayHook] [systray_hook/systray_hook.py:193]: Injecting into Explorer (PID: 7560)
2026-09-14 18:56:07,857 [DEBUG] [SystrayHook] [systray_hook/systray_hook.py:200]: Waiting for DLL to connect
2026-09-14 18:56:08,051 [DEBUG] [MainThread] [root/service.py:521]: BrightnessService found monitor: 131073 device=\\.\DISPLAY1
2026-09-14 18:56:08,051 [DEBUG] [MainThread] [root/service.py:521]: BrightnessService found monitor: 65588 device=\\.\DISPLAY2
2026-09-14 18:56:08,051 [INFO] [MainThread] [root/service.py:225]: BrightnessService started with 2 monitors
2026-09-14 18:56:08,064 [INFO] [MainThread] [root/service.py:41]: AudioInputService starting...
2026-09-14 18:56:08,071 [DEBUG] [BrightnessDetect] [root/service.py:454]: Monitor 131073 metadata: MH-246 internal=False conn=Hdmi
2026-09-14 18:56:08,075 [DEBUG] [BrightnessDetect] [root/service.py:454]: Monitor 65588 metadata: N2455 Pro internal=False conn=Hdmi
2026-09-14 18:56:08,129 [DEBUG] [MainThread] [root/app_bar.py:137]: Bar primary-bar Created on Screen: N2455 Pro [Bar Height: 36px, DPI Scale: 1.0]
2026-09-14 18:56:08,140 [DEBUG] [BrightnessDetect] [root/service.py:387]: Monitor 65588: DDC=True scheme=False
2026-09-14 18:56:08,366 [INFO] [MainThread] [taskbar_window_manager/window_manager.py:181]: TaskbarWindowManager is starting...
2026-09-14 18:56:08,376 [DEBUG] [MainThread] [systray_widget/systray.py:612]: Loading state from C:\Users\Nep\AppData\Local\YASB\systray_state_HCSN2455PRO.json
2026-09-14 18:56:08,507 [DEBUG] [BrightnessDetect] [root/service.py:417]: Monitor 131073: DDC=False scheme=False internal=False name=MH-246
2026-09-14 18:56:08,648 [DEBUG] [MainThread] [root/app_bar.py:137]: Bar primary-bar Created on Screen: MH-246 [Bar Height: 36px, DPI Scale: 1.0]
2026-09-14 18:56:08,818 [INFO] [MainThread] [root/bar_manager.py:242]: Starting HotkeyListener...
2026-09-14 18:56:08,818 [INFO] [MainThread] [root/bar_manager.py:103]: Starting WindowsNotificationEventListener...
2026-09-14 18:56:08,819 [INFO] [MainThread] [root/bar_manager.py:103]: Starting KomorebiEventListener...
2026-09-14 18:56:08,819 [DEBUG] [Dummy-9] [root/hotkeys.py:199]: Registered hotkey alt+e
2026-09-14 18:56:08,820 [WARNING] [Dummy-9] [root/hotkeys.py:201]: Failed to register hotkey alt+space - it may be in use by another application.
2026-09-14 18:56:08,821 [INFO] [Dummy-11] [root/event_listener.py:54]: Created named pipe yasb-e428da53-b02a-11f1-86d3-a8a15937b6a6
2026-09-14 18:56:08,821 [DEBUG] [Dummy-11] [root/event_listener.py:126]: Waiting for Komorebi to subscribe to named pipe yasb-e428da53-b02a-11f1-86d3-a8a15937b6a6
2026-09-14 18:56:08,821 [INFO] [MainThread] [root/watcher.py:65]: Watching directory: c:\users\nep\neps-windows-usability-config\.config\yasb
2026-09-14 18:56:08,822 [INFO] [MainThread] [root/watcher.py:104]: Created file watcher
2026-09-14 18:56:08,926 [INFO] [MainThread] [root/update_service.py:434]: Background update checker started
2026-09-14 18:56:08,926 [DEBUG] [Dummy-13] [root/windows_notification.py:151]: WNF_SHEL_NOTIFICATION_TOTAL unavailable (0xC0000034)
2026-09-14 18:56:08,927 [INFO] [Dummy-13] [root/windows_notification.py:164]: Notification service started (WNF_SHEL_NOTIFICATIONS)
2026-09-14 18:56:08,926 [INFO] [Dummy-11] [root/event_listener.py:147]: Komorebi connected to named pipe: yasb-e428da53-b02a-11f1-86d3-a8a15937b6a6
2026-09-14 19:01:18,592 [WARNING] [Dummy-11] [root/event_listener.py:95]: Pipe has been ended: (109, 'PeekNamedPipe', 'The pipe has been ended.')
2026-09-14 19:01:18,592 [INFO] [Dummy-11] [root/event_listener.py:107]: Attempting to reconnect to Komorebi...
2026-09-14 19:01:21,600 [INFO] [Dummy-11] [root/event_listener.py:54]: Created named pipe yasb-e428da53-b02a-11f1-86d3-a8a15937b6a6
2026-09-14 19:01:21,600 [DEBUG] [Dummy-11] [root/event_listener.py:126]: Waiting for Komorebi to subscribe to named pipe yasb-e428da53-b02a-11f1-86d3-a8a15937b6a6
2026-09-14 19:01:21,656 [WARNING] [Dummy-11] [root/event_listener.py:134]: Komorebi failed to subscribe named pipe. Komorebi is not running, please start Komorebi.
2026-09-14 19:01:26,712 [INFO] [Dummy-11] [root/event_listener.py:147]: Komorebi connected to named pipe: yasb-e428da53-b02a-11f1-86d3-a8a15937b6a6
2026-09-14 19:05:29,809 [INFO] [CLIPipeServer] [cli_server/cli_server.py:257]: CLI server received command: stop
2026-09-14 19:05:29,809 [INFO] [CLIPipeServer] [root/controller.py:43]: Exiting Application from CLI...
2026-09-14 19:05:29,915 [INFO] [CLIPipeServer] [cli_server/cli_server.py:114]: Log pipe server stopped
2026-09-14 19:05:29,916 [DEBUG] [CLIPipeServer] [cli_server/cli_server.py:210]: CLI server stopped
2026-09-14 19:05:30,325 [INFO] [MainThread] [root/bar_manager.py:111]: Stopping HotkeyListener...
2026-09-14 19:05:30,328 [INFO] [MainThread] [root/bar_manager.py:119]: Stopping WindowsNotificationEventListener...
2026-09-14 19:05:30,328 [INFO] [Dummy-13] [root/windows_notification.py:97]: Notification service stopped
2026-09-14 19:05:30,328 [DEBUG] [Dummy-13] [root/windows_notification.py:178]: Unsubscribed from WNF notifications
2026-09-14 19:05:30,329 [INFO] [MainThread] [root/bar_manager.py:119]: Stopping KomorebiEventListener...
2026-09-14 19:05:30,331 [INFO] [MainThread] [taskbar_window_manager/window_manager.py:208]: TaskbarWindowManager stopped
2026-09-14 19:05:30,332 [DEBUG] [MainThread] [systray_widget/systray.py:594]: Saving state to C:\Users\Nep\AppData\Local\YASB\systray_state_HCSN2455PRO.json
2026-09-14 19:05:30,334 [DEBUG] [MainThread] [systray_widget/systray.py:594]: Saving state to C:\Users\Nep\AppData\Local\YASB\systray_state_HGCMH2461.json
2026-09-14 19:05:32,059 [INFO] [MainThread] [root/log.py:103]: YASB v2.0.7
2026-09-14 19:05:32,059 [INFO] [CLIPipeServer] [cli_server/cli_server.py:216]: CLI server started v1.1.7
2026-09-14 19:05:32,060 [INFO] [MainThread] [cli_server/cli_server.py:106]: Log pipe server started
2026-09-14 19:05:32,107 [INFO] [MainThread] [root/main.py:113]: Debug mode enabled.
2026-09-14 19:05:32,349 [DEBUG] [MainThread] [systray_widget/systray.py:612]: Loading state from C:\Users\Nep\AppData\Local\YASB\systray_state_HCSN2455PRO.json
2026-09-14 19:05:32,349 [DEBUG] [MainThread] [systray_hook/systray_hook.py:137]: Creating pipe \\.\pipe\yasb_systray_monitor...
2026-09-14 19:05:32,358 [DEBUG] [SystrayHook] [systray_widget/systray.py:78]: Systray hook thread is starting...
2026-09-14 19:05:32,358 [INFO] [yasb-audio-visualizer] [root/loopback.py:728]: Audio visualizer: loopback capture open (48000 Hz, 2 ch, 32-bit float)
2026-09-14 19:05:32,418 [INFO] [MainThread] [root/api.py:65]: GitHubDataManager started...
2026-09-14 19:05:32,447 [INFO] [MainThread] [root/service.py:52]: AudioOutputService starting...
2026-09-14 19:05:32,642 [INFO] [SystrayHook] [systray_hook/systray_hook.py:193]: Injecting into Explorer (PID: 7560)
2026-09-14 19:05:32,657 [DEBUG] [SystrayHook] [systray_hook/systray_hook.py:200]: Waiting for DLL to connect
2026-09-14 19:05:32,689 [DEBUG] [MainThread] [root/service.py:521]: BrightnessService found monitor: 131073 device=\\.\DISPLAY1
2026-09-14 19:05:32,689 [DEBUG] [MainThread] [root/service.py:521]: BrightnessService found monitor: 65588 device=\\.\DISPLAY2
2026-09-14 19:05:32,689 [INFO] [MainThread] [root/service.py:225]: BrightnessService started with 2 monitors
2026-09-14 19:05:32,702 [INFO] [MainThread] [root/service.py:41]: AudioInputService starting...
2026-09-14 19:05:32,711 [DEBUG] [BrightnessDetect] [root/service.py:454]: Monitor 131073 metadata: MH-246 internal=False conn=Hdmi
2026-09-14 19:05:32,715 [DEBUG] [BrightnessDetect] [root/service.py:454]: Monitor 65588 metadata: N2455 Pro internal=False conn=Hdmi
2026-09-14 19:05:32,778 [DEBUG] [MainThread] [root/app_bar.py:137]: Bar primary-bar Created on Screen: N2455 Pro [Bar Height: 36px, DPI Scale: 1.0]
2026-09-14 19:05:32,785 [DEBUG] [BrightnessDetect] [root/service.py:387]: Monitor 65588: DDC=True scheme=False
2026-09-14 19:05:33,044 [INFO] [MainThread] [taskbar_window_manager/window_manager.py:181]: TaskbarWindowManager is starting...
2026-09-14 19:05:33,057 [DEBUG] [MainThread] [systray_widget/systray.py:612]: Loading state from C:\Users\Nep\AppData\Local\YASB\systray_state_HCSN2455PRO.json
2026-09-14 19:05:33,162 [DEBUG] [BrightnessDetect] [root/service.py:417]: Monitor 131073: DDC=False scheme=False internal=False name=MH-246
2026-09-14 19:05:33,304 [DEBUG] [MainThread] [root/app_bar.py:137]: Bar primary-bar Created on Screen: MH-246 [Bar Height: 36px, DPI Scale: 1.0]
2026-09-14 19:05:33,523 [INFO] [MainThread] [root/bar_manager.py:242]: Starting HotkeyListener...
2026-09-14 19:05:33,523 [INFO] [MainThread] [root/bar_manager.py:103]: Starting KomorebiEventListener...
2026-09-14 19:05:33,523 [INFO] [MainThread] [root/bar_manager.py:103]: Starting WindowsNotificationEventListener...
2026-09-14 19:05:33,523 [DEBUG] [Dummy-9] [root/hotkeys.py:199]: Registered hotkey alt+e
2026-09-14 19:05:33,524 [WARNING] [Dummy-9] [root/hotkeys.py:201]: Failed to register hotkey alt+space - it may be in use by another application.
2026-09-14 19:05:33,524 [INFO] [Dummy-10] [root/event_listener.py:54]: Created named pipe yasb-34bfe31f-b02c-11f1-a996-a8a15937b6a6
2026-09-14 19:05:33,524 [DEBUG] [Dummy-10] [root/event_listener.py:126]: Waiting for Komorebi to subscribe to named pipe yasb-34bfe31f-b02c-11f1-a996-a8a15937b6a6
2026-09-14 19:05:33,526 [INFO] [MainThread] [root/watcher.py:65]: Watching directory: c:\users\nep\neps-windows-usability-config\.config\yasb
2026-09-14 19:05:33,526 [INFO] [MainThread] [root/watcher.py:104]: Created file watcher
2026-09-14 19:05:33,590 [DEBUG] [Dummy-13] [root/windows_notification.py:151]: WNF_SHEL_NOTIFICATION_TOTAL unavailable (0xC0000034)
2026-09-14 19:05:33,590 [INFO] [Dummy-13] [root/windows_notification.py:164]: Notification service started (WNF_SHEL_NOTIFICATIONS)
2026-09-14 19:05:33,591 [INFO] [MainThread] [root/update_service.py:434]: Background update checker started
2026-09-14 19:05:33,600 [INFO] [Dummy-10] [root/event_listener.py:147]: Komorebi connected to named pipe: yasb-34bfe31f-b02c-11f1-a996-a8a15937b6a6
